"Date","Price","Open","High","Low","Vol.","Change %"
"Mar 14, 2023","1,677.87","1,673.83","1,682.04","1,664.41","1.13M","0.23%"
"Mar 13, 2023","1,673.93","1,580.28","1,690.18","1,565.83","1.30M","5.93%"
"Mar 12, 2023","1,580.24","1,472.08","1,585.09","1,452.33","1.06M","7.42%"
"Mar 11, 2023","1,471.15","1,426.74","1,475.92","1,408.58","1.43M","3.11%"
"Mar 10, 2023","1,426.75","1,437.49","1,437.49","1,371.47","1.01M","-0.82%"
"Mar 09, 2023","1,438.50","1,533.04","1,545.98","1,413.17","764.77K","-6.17%"
"Mar 08, 2023","1,533.04","1,561.79","1,569.70","1,531.28","478.44K","-1.84%"
"Mar 07, 2023","1,561.78","1,565.84","1,580.95","1,536.31","460.10K","-0.26%"
"Mar 06, 2023","1,565.84","1,564.36","1,581.13","1,555.43","322.16K","0.09%"
"Mar 05, 2023","1,564.37","1,566.73","1,587.95","1,556.84","313.01K","-0.15%"
"Mar 04, 2023","1,566.73","1,569.45","1,577.02","1,550.10","247.02K","-0.14%"
"Mar 03, 2023","1,568.89","1,647.86","1,649.19","1,547.61","783.74K","-4.76%"
"Mar 02, 2023","1,647.38","1,666.09","1,677.45","1,620.20","440.63K","-1.12%"
"Mar 01, 2023","1,666.09","1,604.69","1,668.55","1,595.40","497.12K","3.83%"
"Feb 28, 2023","1,604.69","1,633.66","1,646.33","1,598.67","411.49K","-1.77%"
"Feb 27, 2023","1,633.66","1,641.59","1,664.98","1,609.82","458.53K","-0.48%"
"Feb 26, 2023","1,641.60","1,594.66","1,648.77","1,588.65","326.58K","2.94%"
"Feb 25, 2023","1,594.66","1,608.24","1,608.62","1,562.10","309.29K","-0.84%"
"Feb 24, 2023","1,608.24","1,650.52","1,663.82","1,579.68","548.07K","-2.56%"
"Feb 23, 2023","1,650.52","1,643.39","1,678.20","1,630.94","529.75K","0.43%"
"Feb 22, 2023","1,643.39","1,659.41","1,666.39","1,600.79","560.40K","-0.97%"
"Feb 21, 2023","1,659.41","1,703.29","1,716.35","1,637.16","554.52K","-2.58%"
"Feb 20, 2023","1,703.27","1,681.49","1,719.10","1,651.54","478.59K","1.29%"
"Feb 19, 2023","1,681.52","1,691.62","1,722.28","1,670.97","427.00K","-0.60%"
"Feb 18, 2023","1,691.62","1,693.96","1,708.87","1,681.17","283.51K","-0.14%"
"Feb 17, 2023","1,693.96","1,640.66","1,720.06","1,631.92","617.21K","3.25%"
"Feb 16, 2023","1,640.66","1,675.43","1,738.87","1,634.97","894.27K","-2.08%"
"Feb 15, 2023","1,675.43","1,555.45","1,676.94","1,542.80","627.07K","7.71%"
"Feb 14, 2023","1,555.46","1,505.85","1,565.20","1,494.30","705.28K","3.29%"
"Feb 13, 2023","1,505.84","1,515.44","1,525.56","1,464.10","681.85K","-0.63%"
"Feb 12, 2023","1,515.44","1,538.34","1,547.30","1,495.05","302.73K","-1.49%"
"Feb 11, 2023","1,538.34","1,513.12","1,542.64","1,508.07","306.24K","1.62%"
"Feb 10, 2023","1,513.82","1,545.35","1,554.19","1,499.49","523.33K","-2.04%"
"Feb 09, 2023","1,545.35","1,650.97","1,655.96","1,530.98","702.21K","-6.40%"
"Feb 08, 2023","1,650.99","1,671.39","1,694.28","1,631.15","447.57K","-1.22%"
"Feb 07, 2023","1,671.40","1,613.72","1,676.83","1,613.20","481.91K","3.57%"
"Feb 06, 2023","1,613.72","1,629.44","1,657.75","1,606.59","401.03K","-0.96%"
"Feb 05, 2023","1,629.44","1,666.90","1,671.88","1,612.70","435.14K","-2.25%"
"Feb 04, 2023","1,666.90","1,663.78","1,694.58","1,646.11","328.66K","0.19%"
"Feb 03, 2023","1,663.79","1,641.70","1,673.59","1,628.73","489.79K","1.34%"
"Feb 02, 2023","1,641.71","1,642.10","1,710.27","1,632.39","685.27K","-0.02%"
"Feb 01, 2023","1,642.10","1,585.27","1,647.27","1,560.18","505.44K","3.59%"
"Jan 31, 2023","1,585.27","1,566.50","1,602.03","1,562.04","368.94K","1.20%"
"Jan 30, 2023","1,566.50","1,645.97","1,647.25","1,540.25","630.55K","-4.83%"
"Jan 29, 2023","1,645.97","1,572.13","1,657.19","1,566.90","595.67K","4.63%"
"Jan 28, 2023","1,573.07","1,597.61","1,605.96","1,561.24","332.62K","-1.54%"
"Jan 27, 2023","1,597.60","1,602.54","1,620.15","1,560.21","533.75K","-0.31%"
"Jan 26, 2023","1,602.55","1,611.20","1,629.89","1,581.76","552.26K","-0.54%"
"Jan 25, 2023","1,611.20","1,555.97","1,638.97","1,523.71","681.59K","3.54%"
"Jan 24, 2023","1,556.15","1,626.52","1,641.17","1,539.51","493.47K","-4.33%"
"Jan 23, 2023","1,626.53","1,627.04","1,643.82","1,591.90","436.57K","-0.03%"
"Jan 22, 2023","1,627.03","1,626.66","1,662.13","1,609.32","456.36K","0.09%"
"Jan 21, 2023","1,625.53","1,659.96","1,678.27","1,622.89","523.34K","-2.08%"
"Jan 20, 2023","1,659.98","1,551.12","1,662.26","1,543.21","472.15K","6.98%"
"Jan 19, 2023","1,551.62","1,511.35","1,560.70","1,510.65","329.04K","2.67%"
"Jan 18, 2023","1,511.31","1,564.66","1,604.74","1,505.37","801.71K","-3.41%"
"Jan 17, 2023","1,564.67","1,576.94","1,603.32","1,544.45","536.73K","-0.78%"
"Jan 16, 2023","1,576.94","1,552.69","1,598.18","1,526.40","617.00K","1.56%"
"Jan 15, 2023","1,552.69","1,550.05","1,564.34","1,517.40","411.43K","0.17%"
"Jan 14, 2023","1,550.02","1,450.86","1,576.83","1,449.47","1.03M","6.83%"
"Jan 13, 2023","1,450.86","1,416.08","1,463.53","1,401.98","552.05K","2.46%"
"Jan 12, 2023","1,416.08","1,389.84","1,435.95","1,365.78","960.62K","1.89%"
"Jan 11, 2023","1,389.84","1,335.14","1,392.40","1,322.10","509.99K","4.10%"
"Jan 10, 2023","1,335.13","1,320.51","1,344.42","1,316.95","487.24K","1.11%"
"Jan 09, 2023","1,320.51","1,288.39","1,344.39","1,285.97","629.22K","2.49%"
"Jan 08, 2023","1,288.38","1,263.91","1,289.13","1,259.15","231.75K","1.94%"
"Jan 07, 2023","1,263.90","1,269.14","1,270.95","1,261.46","141.94K","-0.41%"
"Jan 06, 2023","1,269.14","1,250.95","1,274.85","1,240.38","369.54K","1.45%"
"Jan 05, 2023","1,250.95","1,256.92","1,259.08","1,242.93","289.49K","-0.47%"
"Jan 04, 2023","1,256.92","1,214.57","1,266.97","1,212.91","504.28K","3.49%"
"Jan 03, 2023","1,214.57","1,213.93","1,219.75","1,206.83","219.98K","0.05%"
"Jan 02, 2023","1,213.93","1,200.52","1,220.76","1,193.77","270.72K","1.12%"
"Jan 01, 2023","1,200.52","1,195.69","1,204.12","1,191.67","126.62K","0.41%"
"Dec 31, 2022","1,195.67","1,200.00","1,207.71","1,193.16","150.20K","-0.34%"
"Dec 30, 2022","1,199.80","1,200.84","1,202.13","1,186.10","285.77K","-0.09%"
"Dec 29, 2022","1,200.84","1,189.99","1,205.34","1,187.19","272.59K","0.91%"
"Dec 28, 2022","1,189.98","1,211.60","1,214.32","1,184.22","407.45K","-1.78%"
"Dec 27, 2022","1,211.60","1,228.22","1,233.15","1,202.02","290.02K","-1.31%"
"Dec 26, 2022","1,227.65","1,218.69","1,230.37","1,213.08","177.66K","0.73%"
"Dec 25, 2022","1,218.69","1,220.46","1,223.82","1,201.20","256.52K","-0.15%"
"Dec 24, 2022","1,220.46","1,220.03","1,226.20","1,214.76","131.51K","0.04%"
"Dec 23, 2022","1,220.03","1,217.59","1,228.46","1,212.97","301.17K","0.20%"
"Dec 22, 2022","1,217.57","1,213.99","1,229.47","1,185.27","383.63K","0.31%"
"Dec 21, 2022","1,213.85","1,217.19","1,218.69","1,205.48","269.18K","-0.28%"
"Dec 20, 2022","1,217.20","1,167.80","1,228.97","1,163.57","497.61K","4.23%"
"Dec 19, 2022","1,167.80","1,182.70","1,194.47","1,152.54","337.02K","-1.26%"
"Dec 18, 2022","1,182.70","1,187.19","1,196.55","1,172.82","272.63K","-0.38%"
"Dec 17, 2022","1,187.18","1,166.70","1,189.21","1,162.76","363.23K","1.75%"
"Dec 16, 2022","1,166.70","1,266.32","1,279.27","1,156.91","829.23K","-7.87%"
"Dec 15, 2022","1,266.32","1,307.29","1,311.07","1,260.89","446.34K","-3.13%"
"Dec 14, 2022","1,307.30","1,320.76","1,348.43","1,302.76","614.31K","-1.02%"
"Dec 13, 2022","1,320.76","1,275.49","1,345.07","1,255.82","717.71K","3.59%"
"Dec 12, 2022","1,275.02","1,263.42","1,278.37","1,241.45","395.62K","0.92%"
"Dec 11, 2022","1,263.42","1,266.36","1,282.86","1,258.53","192.46K","-0.25%"
"Dec 10, 2022","1,266.62","1,262.88","1,281.24","1,260.05","193.32K","0.30%"
"Dec 09, 2022","1,262.86","1,280.29","1,291.11","1,257.00","437.55K","-1.36%"
"Dec 08, 2022","1,280.29","1,231.04","1,289.87","1,223.27","447.07K","4.00%"
"Dec 07, 2022","1,231.04","1,271.24","1,275.30","1,221.10","422.12K","-3.16%"
"Dec 06, 2022","1,271.26","1,259.56","1,273.92","1,243.66","342.16K","0.93%"
"Dec 05, 2022","1,259.56","1,279.21","1,303.92","1,248.69","430.54K","-1.58%"
"Dec 04, 2022","1,279.74","1,240.46","1,284.24","1,240.14","344.96K","3.17%"
"Dec 03, 2022","1,240.46","1,295.69","1,302.61","1,237.81","373.79K","-4.26%"
"Dec 02, 2022","1,295.69","1,276.05","1,295.80","1,266.16","393.37K","1.54%"
"Dec 01, 2022","1,276.05","1,294.40","1,295.82","1,263.58","453.59K","-1.42%"
"Nov 30, 2022","1,294.41","1,216.54","1,304.97","1,213.44","858.51K","6.40%"
"Nov 29, 2022","1,216.55","1,167.73","1,226.35","1,159.72","549.93K","4.18%"
"Nov 28, 2022","1,167.73","1,193.38","1,199.06","1,151.98","518.17K","-2.15%"
"Nov 27, 2022","1,193.38","1,205.17","1,222.83","1,191.09","306.64K","-0.98%"
"Nov 26, 2022","1,205.15","1,198.12","1,229.20","1,196.93","413.09K","0.59%"
"Nov 25, 2022","1,198.12","1,203.77","1,204.75","1,172.63","426.96K","-0.47%"
"Nov 24, 2022","1,203.77","1,185.70","1,217.38","1,180.91","544.83K","1.52%"
"Nov 23, 2022","1,185.79","1,139.74","1,189.17","1,128.53","688.96K","4.04%"
"Nov 22, 2022","1,139.74","1,107.46","1,141.58","1,077.85","815.18K","2.91%"
"Nov 21, 2022","1,107.46","1,142.88","1,143.96","1,081.96","981.81K","-3.10%"
"Nov 20, 2022","1,142.88","1,217.65","1,226.14","1,135.57","564.89K","-6.14%"
"Nov 19, 2022","1,217.65","1,208.92","1,231.15","1,207.34","225.46K","0.86%"
"Nov 18, 2022","1,207.31","1,206.99","1,225.39","1,201.47","388.69K","0.18%"
"Nov 17, 2022","1,205.17","1,206.16","1,227.73","1,185.58","567.61K","-0.08%"
"Nov 16, 2022","1,206.16","1,253.45","1,267.62","1,188.76","705.31K","-3.77%"
"Nov 15, 2022","1,253.45","1,242.64","1,289.21","1,235.39","686.18K","0.87%"
"Nov 14, 2022","1,242.64","1,221.47","1,289.01","1,175.42","1.01M","1.73%"
"Nov 13, 2022","1,221.47","1,256.29","1,274.24","1,205.61","597.25K","-2.77%"
"Nov 12, 2022","1,256.29","1,288.71","1,291.39","1,239.34","602.58K","-2.51%"
"Nov 11, 2022","1,288.63","1,299.21","1,307.16","1,203.04","1.45M","-0.81%"
"Nov 10, 2022","1,299.15","1,100.86","1,346.92","1,089.01","2.19M","18.01%"
"Nov 09, 2022","1,100.84","1,335.26","1,337.19","1,076.29","2.92M","-17.56%"
"Nov 08, 2022","1,335.25","1,567.54","1,576.10","1,241.18","2.87M","-14.82%"
"Nov 07, 2022","1,567.57","1,570.71","1,608.06","1,547.29","719.30K","-0.21%"
"Nov 06, 2022","1,570.86","1,626.86","1,637.44","1,565.79","464.26K","-3.45%"
"Nov 05, 2022","1,627.07","1,645.03","1,664.42","1,623.48","404.02K","-1.09%"
"Nov 04, 2022","1,645.01","1,531.06","1,666.17","1,528.60","1.07M","7.44%"
"Nov 03, 2022","1,531.08","1,518.99","1,558.75","1,515.75","631.90K","0.79%"
"Nov 02, 2022","1,519.04","1,579.59","1,618.82","1,503.29","1.14M","-3.84%"
"Nov 01, 2022","1,579.64","1,572.89","1,609.10","1,564.69","593.31K","0.43%"
"Oct 31, 2022","1,572.89","1,590.47","1,634.17","1,550.72","938.65K","-1.11%"
"Oct 30, 2022","1,590.47","1,619.67","1,638.60","1,577.35","542.49K","-1.80%"
"Oct 29, 2022","1,619.69","1,554.47","1,660.13","1,548.83","1.05M","4.20%"
"Oct 28, 2022","1,554.47","1,514.14","1,572.66","1,489.99","966.35K","2.66%"
"Oct 27, 2022","1,514.19","1,566.18","1,575.90","1,508.24","1.02M","-3.32%"
"Oct 26, 2022","1,566.16","1,459.60","1,590.23","1,458.61","1.43M","7.30%"
"Oct 25, 2022","1,459.60","1,343.88","1,522.06","1,335.38","1.28M","8.61%"
"Oct 24, 2022","1,343.88","1,364.19","1,369.35","1,324.25","665.58K","-1.47%"
"Oct 23, 2022","1,363.92","1,313.64","1,370.91","1,301.80","473.61K","3.83%"
"Oct 22, 2022","1,313.64","1,299.76","1,318.84","1,294.61","244.20K","1.07%"
"Oct 21, 2022","1,299.76","1,282.87","1,306.27","1,257.83","525.54K","1.32%"
"Oct 20, 2022","1,282.87","1,285.33","1,310.47","1,272.79","483.19K","-0.19%"
"Oct 19, 2022","1,285.32","1,310.81","1,313.46","1,282.44","406.74K","-1.94%"
"Oct 18, 2022","1,310.81","1,331.40","1,341.21","1,287.58","625.85K","-1.53%"
"Oct 17, 2022","1,331.12","1,305.95","1,338.39","1,296.45","498.15K","1.93%"
"Oct 16, 2022","1,305.95","1,274.93","1,314.52","1,274.66","333.15K","2.46%"
"Oct 15, 2022","1,274.57","1,296.74","1,301.48","1,264.86","321.11K","-1.71%"
"Oct 14, 2022","1,296.74","1,287.33","1,342.01","1,284.08","734.03K","0.73%"
"Oct 13, 2022","1,287.34","1,294.56","1,299.74","1,196.63","1.09M","-0.56%"
"Oct 12, 2022","1,294.57","1,279.97","1,304.45","1,275.77","418.57K","1.14%"
"Oct 11, 2022","1,279.97","1,290.00","1,297.59","1,269.35","498.63K","-0.78%"
"Oct 10, 2022","1,290.04","1,323.17","1,337.58","1,288.68","451.44K","-2.52%"
"Oct 09, 2022","1,323.41","1,315.08","1,328.55","1,308.15","210.50K","0.64%"
"Oct 08, 2022","1,315.05","1,331.07","1,336.69","1,304.08","227.70K","-1.20%"
"Oct 07, 2022","1,330.99","1,352.17","1,361.26","1,319.17","574.76K","-1.57%"
"Oct 06, 2022","1,352.27","1,352.07","1,383.02","1,347.78","680.65K","0.01%"
"Oct 05, 2022","1,352.07","1,361.51","1,364.03","1,317.58","564.42K","-0.69%"
"Oct 04, 2022","1,361.48","1,323.37","1,367.30","1,318.87","550.05K","2.88%"
"Oct 03, 2022","1,323.41","1,277.02","1,329.16","1,266.86","604.19K","3.74%"
"Oct 02, 2022","1,275.74","1,311.80","1,317.41","1,272.38","432.45K","-2.75%"
"Oct 01, 2022","1,311.80","1,328.73","1,333.61","1,303.22","293.02K","-1.27%"
"Sep 30, 2022","1,328.73","1,336.05","1,372.44","1,316.62","866.63K","-0.55%"
"Sep 29, 2022","1,336.08","1,337.34","1,351.61","1,289.66","871.66K","-0.10%"
"Sep 28, 2022","1,337.37","1,328.23","1,354.75","1,261.29","1.08M","0.69%"
"Sep 27, 2022","1,328.23","1,337.07","1,399.67","1,305.49","1.00M","-0.66%"
"Sep 26, 2022","1,337.06","1,294.24","1,339.17","1,279.71","1.05M","3.31%"
"Sep 25, 2022","1,294.26","1,317.01","1,335.73","1,271.87","579.09K","-1.73%"
"Sep 24, 2022","1,317.00","1,327.91","1,348.91","1,307.96","559.42K","-0.83%"
"Sep 23, 2022","1,327.96","1,326.12","1,356.74","1,264.91","1.16M","0.11%"
"Sep 22, 2022","1,326.44","1,247.64","1,346.38","1,237.96","1.11M","6.31%"
"Sep 21, 2022","1,247.74","1,323.34","1,388.38","1,222.29","1.39M","-5.71%"
"Sep 20, 2022","1,323.33","1,375.96","1,384.39","1,315.03","765.14K","-3.83%"
"Sep 19, 2022","1,376.00","1,334.82","1,391.50","1,284.50","1.11M","3.07%"
"Sep 18, 2022","1,335.01","1,468.76","1,469.21","1,327.21","934.28K","-9.11%"
"Sep 17, 2022","1,468.79","1,434.01","1,475.05","1,409.65","483.78K","2.43%"
"Sep 16, 2022","1,434.01","1,472.63","1,483.43","1,410.90","829.01K","-2.62%"
"Sep 15, 2022","1,472.64","1,637.89","1,653.55","1,461.16","1.66M","-10.09%"
"Sep 14, 2022","1,637.92","1,574.41","1,646.09","1,556.97","858.28K","4.03%"
"Sep 13, 2022","1,574.47","1,716.45","1,751.50","1,562.30","1.30M","-8.27%"
"Sep 12, 2022","1,716.42","1,766.99","1,782.74","1,694.08","727.78K","-2.86%"
"Sep 11, 2022","1,766.93","1,774.38","1,786.73","1,722.62","467.42K","-0.42%"
"Sep 10, 2022","1,774.38","1,718.84","1,788.10","1,707.81","470.19K","3.23%"
"Sep 09, 2022","1,718.81","1,635.33","1,743.47","1,631.17","969.87K","5.14%"
"Sep 08, 2022","1,634.85","1,629.63","1,660.56","1,595.90","772.84K","0.33%"
"Sep 07, 2022","1,629.51","1,557.85","1,657.05","1,493.19","976.59K","4.60%"
"Sep 06, 2022","1,557.85","1,617.40","1,686.23","1,556.09","1.18M","-3.66%"
"Sep 05, 2022","1,617.07","1,578.90","1,628.77","1,557.66","571.75K","2.42%"
"Sep 04, 2022","1,578.89","1,557.35","1,580.81","1,541.16","339.06K","1.37%"
"Sep 03, 2022","1,557.55","1,575.31","1,581.37","1,535.98","378.79K","-1.13%"
"Sep 02, 2022","1,575.34","1,585.55","1,647.50","1,547.68","1.04M","-0.64%"
"Sep 01, 2022","1,585.48","1,554.57","1,597.48","1,514.75","823.90K","1.95%"
"Aug 31, 2022","1,555.12","1,523.39","1,617.09","1,523.39","1.07M","2.09%"
"Aug 30, 2022","1,523.34","1,552.56","1,605.30","1,475.68","1.14M","-1.88%"
"Aug 29, 2022","1,552.60","1,426.25","1,559.46","1,424.33","931.76K","8.86%"
"Aug 28, 2022","1,426.25","1,490.88","1,507.92","1,424.69","633.35K","-4.33%"
"Aug 27, 2022","1,490.83","1,508.32","1,518.14","1,449.31","866.82K","-1.14%"
"Aug 26, 2022","1,508.08","1,695.38","1,703.32","1,490.67","1.34M","-11.05%"
"Aug 25, 2022","1,695.37","1,656.64","1,720.84","1,654.77","677.67K","2.34%"
"Aug 24, 2022","1,656.64","1,665.30","1,691.25","1,606.06","827.20K","-0.50%"
"Aug 23, 2022","1,664.89","1,626.70","1,672.63","1,564.37","1.05M","2.34%"
"Aug 22, 2022","1,626.75","1,618.21","1,627.13","1,531.91","1.04M","0.53%"
"Aug 21, 2022","1,618.25","1,575.61","1,644.88","1,563.92","852.07K","2.71%"
"Aug 20, 2022","1,575.60","1,609.01","1,654.84","1,525.51","1.01M","-2.11%"
"Aug 19, 2022","1,609.48","1,846.52","1,846.97","1,607.60","1.59M","-12.84%"
"Aug 18, 2022","1,846.51","1,834.19","1,880.22","1,822.04","675.27K","0.67%"
"Aug 17, 2022","1,834.18","1,876.69","1,956.54","1,821.00","1.10M","-2.27%"
"Aug 16, 2022","1,876.70","1,900.08","1,914.06","1,856.44","725.78K","-1.24%"
"Aug 15, 2022","1,900.25","1,935.10","2,012.02","1,873.70","1.09M","-1.80%"
"Aug 14, 2022","1,935.10","1,983.52","2,028.40","1,909.19","662.15K","-2.44%"
"Aug 13, 2022","1,983.50","1,957.62","2,018.97","1,946.65","798.08K","1.32%"
"Aug 12, 2022","1,957.63","1,880.30","1,961.83","1,856.64","834.69K","4.11%"
"Aug 11, 2022","1,880.28","1,853.50","1,931.06","1,850.72","1.31M","1.45%"
"Aug 10, 2022","1,853.46","1,702.80","1,881.39","1,657.78","1.52M","8.85%"
"Aug 09, 2022","1,702.80","1,778.15","1,789.55","1,668.79","960.58K","-4.25%"
"Aug 08, 2022","1,778.42","1,700.26","1,813.45","1,694.69","951.02K","4.59%"
"Aug 07, 2022","1,700.29","1,690.29","1,728.97","1,669.39","530.48K","0.59%"
"Aug 06, 2022","1,690.27","1,737.66","1,749.33","1,687.74","696.11K","-2.73%"
"Aug 05, 2022","1,737.71","1,607.00","1,740.33","1,605.71","1.21M","8.14%"
"Aug 04, 2022","1,606.94","1,618.07","1,661.15","1,581.18","881.56K","-0.69%"
"Aug 03, 2022","1,618.08","1,631.46","1,682.23","1,591.60","906.08K","-0.82%"
"Aug 02, 2022","1,631.48","1,630.07","1,675.51","1,560.17","1.25M","0.08%"
"Aug 01, 2022","1,630.10","1,679.98","1,702.81","1,607.29","959.53K","-2.97%"
"Jul 31, 2022","1,680.00","1,695.99","1,752.94","1,667.41","822.23K","-0.94%"
"Jul 30, 2022","1,695.97","1,720.80","1,741.34","1,674.42","891.42K","-1.44%"
"Jul 29, 2022","1,720.77","1,725.97","1,764.74","1,658.26","1.44M","-0.30%"
"Jul 28, 2022","1,726.01","1,635.99","1,781.39","1,597.67","1.87M","5.50%"
"Jul 27, 2022","1,636.01","1,449.65","1,643.70","1,421.17","1.80M","12.77%"
"Jul 26, 2022","1,450.70","1,438.76","1,451.46","1,357.70","1.42M","0.85%"
"Jul 25, 2022","1,438.52","1,598.19","1,608.06","1,438.50","1.65M","-9.99%"
"Jul 24, 2022","1,598.19","1,549.61","1,659.93","1,547.70","1.18M","3.14%"
"Jul 23, 2022","1,549.61","1,534.85","1,596.02","1,490.35","1.03M","0.96%"
"Jul 22, 2022","1,534.85","1,575.68","1,644.99","1,520.36","1.43M","-2.59%"
"Jul 21, 2022","1,575.68","1,520.66","1,600.35","1,465.93","1.55M","3.62%"
"Jul 20, 2022","1,520.64","1,543.45","1,618.43","1,488.73","1.65M","-1.48%"
"Jul 19, 2022","1,543.50","1,584.33","1,620.35","1,494.88","2.18M","-2.60%"
"Jul 18, 2022","1,584.77","1,337.92","1,590.95","1,336.75","2.37M","18.46%"
"Jul 17, 2022","1,337.85","1,356.00","1,385.23","1,323.23","1.41M","-1.34%"
"Jul 16, 2022","1,356.08","1,231.03","1,399.16","1,192.18","1.77M","10.16%"
"Jul 15, 2022","1,231.03","1,192.83","1,284.76","1,182.22","1.74M","3.21%"
"Jul 14, 2022","1,192.75","1,115.80","1,210.17","1,072.58","1.86M","6.89%"
"Jul 13, 2022","1,115.83","1,038.60","1,116.51","1,012.29","2.48M","7.44%"
"Jul 12, 2022","1,038.56","1,096.41","1,097.75","1,035.82","1.49M","-5.28%"
"Jul 11, 2022","1,096.43","1,167.35","1,170.63","1,093.28","1.34M","-6.08%"
"Jul 10, 2022","1,167.35","1,216.94","1,219.26","1,155.25","1.12M","-4.07%"
"Jul 09, 2022","1,216.94","1,216.26","1,232.69","1,205.26","644.47K","0.05%"
"Jul 08, 2022","1,216.33","1,238.10","1,275.69","1,194.15","1.45M","-1.76%"
"Jul 07, 2022","1,238.15","1,186.48","1,252.69","1,163.85","1.18M","4.36%"
"Jul 06, 2022","1,186.45","1,133.87","1,202.09","1,112.02","1.42M","4.63%"
"Jul 05, 2022","1,133.90","1,151.19","1,170.97","1,079.36","1.59M","-1.50%"
"Jul 04, 2022","1,151.19","1,074.07","1,159.76","1,045.97","1.35M","7.18%"
"Jul 03, 2022","1,074.08","1,066.60","1,086.90","1,041.82","755.27K","0.70%"
"Jul 02, 2022","1,066.60","1,059.05","1,077.66","1,029.03","865.06K","0.72%"
"Jul 01, 2022","1,058.94","1,069.13","1,110.25","1,035.79","1.89M","-0.95%"
"Jun 30, 2022","1,069.05","1,099.51","1,105.88","1,000.77","1.71M","-2.77%"
"Jun 29, 2022","1,099.51","1,143.95","1,155.02","1,088.10","1.54M","-3.89%"
"Jun 28, 2022","1,143.97","1,191.02","1,234.96","1,137.57","1.32M","-3.94%"
"Jun 27, 2022","1,190.84","1,198.03","1,237.14","1,176.77","1.07M","-0.60%"
"Jun 26, 2022","1,198.03","1,241.80","1,276.81","1,196.20","1.13M","-3.52%"
"Jun 25, 2022","1,241.76","1,224.96","1,255.55","1,181.11","1.03M","1.37%"
"Jun 24, 2022","1,225.03","1,144.33","1,244.82","1,132.87","1.66M","7.07%"
"Jun 23, 2022","1,144.19","1,049.02","1,152.97","1,046.57","1.57M","9.07%"
"Jun 22, 2022","1,049.02","1,125.96","1,127.06","1,045.37","1.58M","-6.83%"
"Jun 21, 2022","1,125.96","1,128.29","1,192.27","1,110.63","1.60M","-0.21%"
"Jun 20, 2022","1,128.32","1,128.39","1,165.62","1,056.58","2.04M","-0.01%"
"Jun 19, 2022","1,128.39","995.49","1,152.07","938.24","2.42M","13.34%"
"Jun 18, 2022","995.61","1,086.47","1,096.93","883.35","2.77M","-8.36%"
"Jun 17, 2022","1,086.47","1,068.49","1,116.46","1,052.17","1.45M","1.68%"
"Jun 16, 2022","1,068.49","1,237.92","1,254.28","1,052.65","1.76M","-13.69%"
"Jun 15, 2022","1,237.92","1,208.82","1,244.80","1,016.99","3.73M","2.24%"
"Jun 14, 2022","1,210.84","1,206.67","1,261.39","1,078.11","3.27M","0.35%"
"Jun 13, 2022","1,206.67","1,434.43","1,454.07","1,168.68","4.39M","-15.94%"
"Jun 12, 2022","1,435.46","1,531.50","1,542.01","1,430.93","1.82M","-6.27%"
"Jun 11, 2022","1,531.42","1,663.04","1,681.58","1,503.15","1.44M","-7.91%"
"Jun 10, 2022","1,663.02","1,788.15","1,803.54","1,657.30","1.13M","-6.99%"
"Jun 09, 2022","1,788.06","1,792.81","1,832.70","1,778.00","625.76K","-0.28%"
"Jun 08, 2022","1,793.00","1,813.05","1,837.41","1,766.94","1.09M","-1.14%"
"Jun 07, 2022","1,813.72","1,859.99","1,870.99","1,727.77","1.64M","-2.49%"
"Jun 06, 2022","1,859.99","1,806.11","1,919.40","1,804.77","939.37K","2.95%"
"Jun 05, 2022","1,806.71","1,804.60","1,829.25","1,773.65","437.73K","0.13%"
"Jun 04, 2022","1,804.37","1,775.28","1,815.19","1,748.89","442.10K","1.64%"
"Jun 03, 2022","1,775.29","1,834.66","1,843.31","1,740.83","884.53K","-3.24%"
"Jun 02, 2022","1,834.64","1,817.98","1,851.25","1,784.23","975.53K","0.91%"
"Jun 01, 2022","1,818.07","1,941.81","1,971.22","1,770.85","1.29M","-6.37%"
"May 31, 2022","1,941.79","1,998.46","2,015.02","1,928.93","933.24K","-2.84%"
"May 30, 2022","1,998.46","1,813.56","2,009.95","1,804.33","1.04M","10.20%"
"May 29, 2022","1,813.56","1,792.25","1,824.81","1,764.72","554.58K","1.16%"
"May 28, 2022","1,792.68","1,724.67","1,807.79","1,722.88","658.23K","3.97%"
"May 27, 2022","1,724.30","1,793.19","1,820.82","1,708.62","1.57M","-3.85%"
"May 26, 2022","1,793.42","1,942.89","1,964.91","1,744.12","1.42M","-7.69%"
"May 25, 2022","1,942.91","1,979.40","2,020.64","1,937.52","639.93K","-1.84%"
"May 24, 2022","1,979.35","1,973.01","1,992.60","1,914.48","620.41K","0.33%"
"May 23, 2022","1,972.93","2,043.19","2,086.21","1,959.57","738.09K","-3.44%"
"May 22, 2022","2,043.19","1,975.12","2,055.15","1,966.34","425.98K","3.45%"
"May 21, 2022","1,975.12","1,959.79","1,989.44","1,940.59","292.47K","0.78%"
"May 20, 2022","1,959.85","2,019.36","2,061.08","1,923.86","699.69K","-2.95%"
"May 19, 2022","2,019.34","1,913.99","2,039.71","1,903.67","858.97K","5.61%"
"May 18, 2022","1,912.12","2,091.05","2,108.84","1,909.56","751.82K","-8.56%"
"May 17, 2022","2,091.14","2,023.00","2,120.03","2,008.84","736.63K","3.37%"
"May 16, 2022","2,022.93","2,145.86","2,145.86","1,979.93","950.85K","-5.73%"
"May 15, 2022","2,145.86","2,056.33","2,161.78","2,001.74","589.77K","4.36%"
"May 14, 2022","2,056.30","2,009.55","2,068.66","1,952.07","656.94K","2.33%"
"May 13, 2022","2,009.53","1,955.59","2,146.22","1,941.53","1.34M","2.77%"
"May 12, 2022","1,955.36","2,087.17","2,190.51","1,796.24","2.84M","-6.03%"
"May 11, 2022","2,080.79","2,342.27","2,451.33","2,007.57","2.70M","-11.16%"
"May 10, 2022","2,342.30","2,229.69","2,455.19","2,202.02","1.95M","5.08%"
"May 09, 2022","2,229.10","2,519.98","2,529.35","2,228.90","1.93M","-11.54%"
"May 08, 2022","2,519.98","2,636.03","2,641.84","2,492.59","925.40K","-4.40%"
"May 07, 2022","2,636.03","2,692.92","2,703.11","2,589.29","458.05K","-2.11%"
"May 06, 2022","2,692.88","2,747.60","2,757.14","2,635.85","881.18K","-1.99%"
"May 05, 2022","2,747.46","2,940.70","2,952.84","2,730.95","899.82K","-6.57%"
"May 04, 2022","2,940.70","2,781.47","2,963.54","2,773.90","662.07K","5.72%"
"May 03, 2022","2,781.47","2,856.01","2,861.42","2,757.36","447.80K","-2.61%"
"May 02, 2022","2,856.01","2,825.65","2,879.99","2,780.08","617.74K","1.07%"
"May 01, 2022","2,825.80","2,727.20","2,847.02","2,720.57","512.01K","3.62%"
"Apr 30, 2022","2,727.18","2,817.14","2,841.16","2,716.31","430.98K","-3.18%"
"Apr 29, 2022","2,816.66","2,937.01","2,946.18","2,778.33","629.56K","-4.10%"
"Apr 28, 2022","2,937.01","2,889.01","2,977.78","2,856.42","726.03K","1.66%"
"Apr 27, 2022","2,888.99","2,810.42","2,916.39","2,795.58","602.24K","2.80%"
"Apr 26, 2022","2,810.42","3,006.04","3,032.70","2,768.38","694.46K","-6.51%"
"Apr 25, 2022","3,006.04","2,922.03","3,023.23","2,800.21","807.69K","2.88%"
"Apr 24, 2022","2,922.03","2,931.90","2,966.94","2,915.66","269.29K","-0.34%"
"Apr 23, 2022","2,931.90","2,963.00","2,977.45","2,917.84","227.07K","-1.05%"
"Apr 22, 2022","2,963.00","2,983.91","3,029.14","2,937.47","544.89K","-0.70%"
"Apr 21, 2022","2,983.95","3,076.06","3,176.69","2,950.97","675.44K","-3.00%"
"Apr 20, 2022","3,076.38","3,101.79","3,161.90","3,037.67","512.72K","-0.83%"
"Apr 19, 2022","3,102.01","3,055.86","3,128.86","3,030.32","427.14K","1.52%"
"Apr 18, 2022","3,055.64","2,989.05","3,069.07","2,887.25","681.76K","2.23%"
"Apr 17, 2022","2,989.05","3,058.96","3,081.14","2,983.17","311.54K","-2.29%"
"Apr 16, 2022","3,058.96","3,042.01","3,084.84","3,011.47","245.47K","0.56%"
"Apr 15, 2022","3,042.01","3,021.93","3,056.84","2,996.62","309.95K","0.66%"
"Apr 14, 2022","3,021.93","3,117.21","3,143.18","2,980.84","546.54K","-3.05%"
"Apr 13, 2022","3,116.92","3,027.64","3,128.20","2,999.66","563.89K","2.96%"
"Apr 12, 2022","3,027.25","2,978.45","3,082.02","2,951.80","790.54K","1.64%"
"Apr 11, 2022","2,978.29","3,201.99","3,213.52","2,953.66","876.67K","-6.98%"
"Apr 10, 2022","3,201.84","3,259.59","3,306.14","3,198.10","327.86K","-1.76%"
"Apr 09, 2022","3,259.35","3,193.54","3,268.18","3,182.10","283.24K","2.05%"
"Apr 08, 2022","3,193.93","3,228.83","3,311.42","3,174.14","654.82K","-1.08%"
"Apr 07, 2022","3,228.84","3,169.58","3,268.56","3,143.96","569.39K","1.87%"
"Apr 06, 2022","3,169.58","3,406.83","3,406.87","3,164.24","950.59K","-6.96%"
"Apr 05, 2022","3,406.78","3,520.35","3,554.54","3,400.74","500.27K","-3.23%"
"Apr 04, 2022","3,520.41","3,521.16","3,544.92","3,412.01","547.68K","-0.02%"
"Apr 03, 2022","3,521.10","3,442.34","3,579.82","3,414.40","473.54K","2.29%"
"Apr 02, 2022","3,442.34","3,456.18","3,529.63","3,436.79","629.29K","-0.40%"
"Apr 01, 2022","3,456.18","3,282.33","3,478.74","3,215.33","649.92K","5.30%"
"Mar 31, 2022","3,282.35","3,385.60","3,444.43","3,263.36","545.44K","-3.05%"
"Mar 30, 2022","3,385.64","3,401.86","3,445.98","3,333.50","425.38K","-0.48%"
"Mar 29, 2022","3,401.89","3,329.67","3,481.23","3,329.67","570.03K","2.18%"
"Mar 28, 2022","3,329.38","3,295.73","3,428.41","3,275.32","628.91K","0.98%"
"Mar 27, 2022","3,297.04","3,145.95","3,297.40","3,126.46","402.02K","4.80%"
"Mar 26, 2022","3,146.01","3,103.43","3,150.09","3,085.80","244.28K","1.37%"
"Mar 25, 2022","3,103.51","3,110.80","3,192.73","3,081.71","583.25K","-0.18%"
"Mar 24, 2022","3,109.25","3,036.18","3,126.37","3,005.99","699.58K","2.41%"
"Mar 23, 2022","3,036.12","2,969.64","3,042.28","2,925.78","536.63K","2.24%"
"Mar 22, 2022","2,969.64","2,891.41","3,048.32","2,887.69","716.47K","2.70%"
"Mar 21, 2022","2,891.63","2,861.66","2,960.42","2,830.38","546.61K","1.05%"
"Mar 20, 2022","2,861.69","2,950.03","2,962.19","2,819.27","436.11K","-2.99%"
"Mar 19, 2022","2,949.92","2,939.76","2,984.00","2,895.30","392.64K","0.35%"
"Mar 18, 2022","2,939.76","2,812.29","2,983.11","2,768.65","1.59B","4.53%"
"Mar 17, 2022","2,812.29","2,773.80","2,832.61","2,747.06","1.06B","1.38%"
"Mar 16, 2022","2,773.94","2,617.43","2,787.12","2,603.80","1.79B","5.98%"
"Mar 15, 2022","2,617.43","2,589.54","2,667.61","2,510.75","1.19B","1.09%"
"Mar 14, 2022","2,589.30","2,516.75","2,608.68","2,500.12","991.82M","2.88%"
"Mar 13, 2022","2,516.75","2,569.80","2,600.65","2,494.59","811.55M","-2.06%"
"Mar 12, 2022","2,569.80","2,556.96","2,612.33","2,555.85","567.25M","0.50%"
"Mar 11, 2022","2,556.96","2,606.50","2,670.05","2,525.20","1.28B","-1.90%"
"Mar 10, 2022","2,606.50","2,726.94","2,731.37","2,559.90","1.46B","-4.42%"
"Mar 09, 2022","2,726.94","2,577.21","2,772.09","2,569.13","1.52B","5.81%"
"Mar 08, 2022","2,577.21","2,492.53","2,623.99","2,483.29","1.44B","3.40%"
"Mar 07, 2022","2,492.53","2,549.40","2,645.41","2,447.74","1.58B","-2.23%"
"Mar 06, 2022","2,549.40","2,665.42","2,673.19","2,542.19","881.09M","-4.35%"
"Mar 05, 2022","2,665.42","2,622.15","2,684.50","2,592.07","709.87M","1.65%"
"Mar 04, 2022","2,622.15","2,834.78","2,835.94","2,575.63","1.50B","-7.50%"
"Mar 03, 2022","2,834.91","2,947.03","2,967.90","2,789.87","521.36K","-3.81%"
"Mar 02, 2022","2,947.14","2,975.80","3,041.84","2,914.70","740.37K","-0.96%"
"Mar 01, 2022","2,975.81","2,922.44","3,036.59","2,858.54","828.62K","1.82%"
"Feb 28, 2022","2,922.50","2,616.34","2,949.44","2,574.12","899.19K","11.70%"
"Feb 27, 2022","2,616.34","2,779.55","2,834.61","2,562.94","804.74K","-5.78%"
"Feb 26, 2022","2,776.96","2,767.58","2,856.01","2,734.56","520.44K","0.34%"
"Feb 25, 2022","2,767.53","2,596.52","2,830.31","2,573.39","828.87K","6.59%"
"Feb 24, 2022","2,596.52","2,578.54","2,732.02","2,303.07","1.85M","0.71%"
"Feb 23, 2022","2,578.15","2,637.38","2,749.80","2,578.15","636.50K","-2.20%"
"Feb 22, 2022","2,636.13","2,569.19","2,663.01","2,501.40","841.13K","2.58%"
"Feb 21, 2022","2,569.87","2,619.32","2,755.58","2,560.24","996.71K","-1.89%"
"Feb 20, 2022","2,619.32","2,763.97","2,764.46","2,577.52","508.49K","-5.23%"
"Feb 19, 2022","2,763.81","2,779.44","2,829.20","2,699.70","377.08K","-0.57%"
"Feb 18, 2022","2,779.56","2,893.78","2,943.14","2,754.15","623.19K","-3.96%"
"Feb 17, 2022","2,894.03","3,122.33","3,159.83","2,855.66","661.98K","-7.21%"
"Feb 16, 2022","3,118.90","3,182.32","3,184.88","3,045.92","416.70K","-1.99%"
"Feb 15, 2022","3,182.27","2,929.29","3,193.18","2,912.61","540.04K","8.64%"
"Feb 14, 2022","2,929.31","2,871.06","2,963.70","2,834.13","477.24K","2.06%"
"Feb 13, 2022","2,870.25","2,917.16","2,952.94","2,838.29","303.12K","-1.61%"
"Feb 12, 2022","2,917.10","2,927.64","2,984.72","2,858.85","433.29K","-0.36%"
"Feb 11, 2022","2,927.63","3,071.80","3,136.33","2,880.60","607.93K","-4.69%"
"Feb 10, 2022","3,071.83","3,243.73","3,277.36","3,058.59","742.54K","-5.30%"
"Feb 09, 2022","3,243.62","3,115.91","3,266.41","3,055.95","477.82K","4.10%"
"Feb 08, 2022","3,115.88","3,139.65","3,228.86","3,029.70","664.45K","-0.77%"
"Feb 07, 2022","3,140.18","3,056.29","3,185.77","2,995.59","568.42K","2.75%"
"Feb 06, 2022","3,056.20","3,013.75","3,073.23","2,957.16","316.58K","1.41%"
"Feb 05, 2022","3,013.81","2,994.74","3,058.88","2,963.11","473.62K","0.63%"
"Feb 04, 2022","2,994.99","2,692.80","2,994.99","2,671.72","908.75K","11.22%"
"Feb 03, 2022","2,692.80","2,680.66","2,723.97","2,579.80","549.27K","0.44%"
"Feb 02, 2022","2,681.00","2,787.16","2,809.57","2,618.07","602.40K","-3.81%"
"Feb 01, 2022","2,787.16","2,686.82","2,808.60","2,676.32","521.74K","3.73%"
"Jan 31, 2022","2,686.82","2,602.71","2,704.64","2,478.85","601.73K","3.23%"
"Jan 30, 2022","2,602.77","2,600.12","2,636.04","2,543.99","381.84K","0.11%"
"Jan 29, 2022","2,600.02","2,545.95","2,632.51","2,520.14","484.18K","2.12%"
"Jan 28, 2022","2,545.95","2,424.66","2,556.34","2,362.53","634.50K","5.00%"
"Jan 27, 2022","2,424.66","2,462.25","2,515.19","2,317.30","774.54K","-1.49%"
"Jan 26, 2022","2,461.41","2,458.07","2,719.32","2,405.66","1.05M","0.14%"
"Jan 25, 2022","2,458.07","2,441.01","2,504.32","2,352.36","656.03K","0.70%"
"Jan 24, 2022","2,441.01","2,540.81","2,540.81","2,161.55","1.56M","-3.93%"
"Jan 23, 2022","2,540.81","2,412.52","2,547.19","2,373.85","766.83K","5.32%"
"Jan 22, 2022","2,412.52","2,570.67","2,621.21","2,311.80","1.48M","-6.17%"
"Jan 21, 2022","2,571.29","3,000.21","3,032.69","2,471.80","1.42M","-14.43%"
"Jan 20, 2022","3,004.72","3,084.48","3,270.71","2,989.19","481.08K","-2.56%"
"Jan 19, 2022","3,083.65","3,160.15","3,173.63","3,049.30","459.81K","-2.42%"
"Jan 18, 2022","3,160.15","3,209.43","3,242.47","3,084.48","399.19K","-1.53%"
"Jan 17, 2022","3,209.35","3,346.63","3,356.45","3,142.40","375.28K","-4.10%"
"Jan 16, 2022","3,346.59","3,326.50","3,388.22","3,276.44","295.68K","0.57%"
"Jan 15, 2022","3,327.74","3,307.84","3,369.95","3,265.41","292.10K","0.60%"
"Jan 14, 2022","3,307.90","3,241.95","3,341.24","3,195.65","415.18K","2.16%"
"Jan 13, 2022","3,238.03","3,370.87","3,407.98","3,234.97","462.81K","-3.94%"
"Jan 12, 2022","3,370.89","3,238.22","3,406.79","3,208.00","530.96K","4.11%"
"Jan 11, 2022","3,237.89","3,084.64","3,262.78","3,053.40","505.21K","4.94%"
"Jan 10, 2022","3,085.43","3,150.27","3,179.96","2,931.68","804.38K","-2.06%"
"Jan 09, 2022","3,150.30","3,079.89","3,210.34","3,060.47","415.87K","2.28%"
"Jan 08, 2022","3,080.02","3,198.14","3,244.46","3,001.76","566.06K","-3.61%"
"Jan 07, 2022","3,195.31","3,407.22","3,413.26","3,077.30","979.25K","-6.23%"
"Jan 06, 2022","3,407.77","3,536.15","3,550.19","3,306.14","701.89K","-3.62%"
"Jan 05, 2022","3,535.86","3,784.47","3,846.44","3,418.46","582.71K","-6.69%"
"Jan 04, 2022","3,789.52","3,764.62","3,889.07","3,715.24","415.81K","0.67%"
"Jan 03, 2022","3,764.24","3,830.70","3,849.50","3,682.48","338.51K","-1.73%"
"Jan 02, 2022","3,830.67","3,765.67","3,851.16","3,718.33","242.55K","1.73%"
"Jan 01, 2022","3,765.67","3,677.69","3,775.20","3,675.75","239.54K","2.39%"
"Dec 31, 2021","3,677.85","3,709.38","3,812.01","3,623.74","405.65K","-0.85%"
"Dec 30, 2021","3,709.57","3,629.33","3,767.93","3,589.64","355.72K","2.25%"
"Dec 29, 2021","3,627.93","3,792.95","3,825.97","3,607.20","456.03K","-4.32%"
"Dec 28, 2021","3,791.69","4,036.86","4,036.86","3,760.86","527.23K","-6.06%"
"Dec 27, 2021","4,036.24","4,062.02","4,125.22","4,033.04","313.32K","-0.62%"
"Dec 26, 2021","4,061.27","4,093.38","4,104.23","4,005.38","283.58K","-0.78%"
"Dec 25, 2021","4,093.14","4,043.60","4,136.03","4,024.87","308.53K","1.23%"
"Dec 24, 2021","4,043.39","4,110.20","4,133.77","4,024.24","353.85K","-1.62%"
"Dec 23, 2021","4,110.14","3,979.57","4,149.17","3,895.89","573.18K","3.28%"
"Dec 22, 2021","3,979.54","4,016.25","4,072.40","3,944.15","426.43K","-0.92%"
"Dec 21, 2021","4,016.59","3,944.03","4,058.76","3,915.56","496.71K","1.98%"
"Dec 20, 2021","3,938.80","3,925.46","3,978.66","3,757.42","531.11K","0.34%"
"Dec 19, 2021","3,925.34","3,959.90","4,025.36","3,890.90","442.49K","-0.87%"
"Dec 18, 2021","3,959.83","3,878.20","3,993.05","3,769.91","475.86K","2.10%"
"Dec 17, 2021","3,878.29","3,957.12","3,993.87","3,702.33","654.90K","-1.98%"
"Dec 16, 2021","3,956.62","4,019.57","4,108.24","3,955.46","512.12K","-1.56%"
"Dec 15, 2021","4,019.24","3,860.51","4,090.15","3,649.69","821.22K","4.08%"
"Dec 14, 2021","3,861.55","3,782.12","3,879.43","3,690.06","577.61K","2.11%"
"Dec 13, 2021","3,781.94","4,131.47","4,141.27","3,673.19","891.67K","-8.47%"
"Dec 12, 2021","4,131.78","4,078.17","4,173.21","3,988.29","360.45K","1.38%"
"Dec 11, 2021","4,075.66","3,903.52","4,094.92","3,836.92","581.26K","4.41%"
"Dec 10, 2021","3,903.48","4,107.20","4,226.79","3,894.03","798.12K","-4.97%"
"Dec 09, 2021","4,107.69","4,435.74","4,482.89","4,078.14","642.17K","-7.40%"
"Dec 08, 2021","4,435.74","4,307.08","4,449.69","4,229.63","574.33K","2.99%"
"Dec 07, 2021","4,307.08","4,351.36","4,424.20","4,259.45","550.78K","-1.06%"
"Dec 06, 2021","4,353.31","4,194.95","4,373.23","3,922.65","993.79K","3.78%"
"Dec 05, 2021","4,194.80","4,118.27","4,247.38","4,036.00","707.69K","1.73%"
"Dec 04, 2021","4,123.46","4,219.30","4,237.56","3,533.02","1.52M","-2.27%"
"Dec 03, 2021","4,219.30","4,512.90","4,646.73","4,047.07","942.77K","-6.51%"
"Dec 02, 2021","4,512.90","4,583.28","4,629.75","4,437.53","608.07K","-1.54%"
"Dec 01, 2021","4,583.28","4,628.72","4,778.14","4,525.33","669.18K","-0.99%"
"Nov 30, 2021","4,628.90","4,443.22","4,749.12","4,349.21","973.46K","4.18%"
"Nov 29, 2021","4,443.22","4,296.98","4,456.82","4,280.18","532.66K","3.40%"
"Nov 28, 2021","4,296.98","4,095.16","4,297.63","3,980.24","487.53K","4.94%"
"Nov 27, 2021","4,094.80","4,037.06","4,183.02","4,029.06","370.73K","1.49%"
"Nov 26, 2021","4,034.53","4,520.30","4,548.10","3,917.43","1.00M","-10.75%"
"Nov 25, 2021","4,520.30","4,270.73","4,549.74","4,248.90","578.65K","5.77%"
"Nov 24, 2021","4,273.54","4,340.23","4,372.83","4,172.19","595.96K","-1.54%"
"Nov 23, 2021","4,340.23","4,086.73","4,384.75","4,064.17","684.35K","6.20%"
"Nov 22, 2021","4,086.95","4,268.07","4,311.46","4,026.75","717.08K","-4.24%"
"Nov 21, 2021","4,268.08","4,409.02","4,422.60","4,246.20","446.23K","-3.19%"
"Nov 20, 2021","4,408.85","4,295.27","4,434.27","4,206.75","462.99K","2.64%"
"Nov 19, 2021","4,295.43","3,996.29","4,305.41","3,978.08","571.96K","7.34%"
"Nov 18, 2021","4,001.87","4,290.31","4,342.74","3,958.44","792.38K","-6.74%"
"Nov 17, 2021","4,290.88","4,208.29","4,298.30","4,071.01","664.94K","1.97%"
"Nov 16, 2021","4,208.16","4,562.97","4,562.97","4,115.31","1.12M","-7.78%"
"Nov 15, 2021","4,562.98","4,625.71","4,769.38","4,543.47","495.96K","-1.35%"
"Nov 14, 2021","4,625.59","4,644.40","4,692.76","4,514.95","340.96K","-0.41%"
"Nov 13, 2021","4,644.61","4,665.76","4,705.02","4,585.37","290.27K","-0.49%"
"Nov 12, 2021","4,667.31","4,720.50","4,807.16","4,511.96","634.59K","-1.13%"
"Nov 11, 2021","4,720.87","4,633.98","4,778.17","4,578.66","418.61K","1.87%"
"Nov 10, 2021","4,634.03","4,731.83","4,864.06","4,498.78","761.90K","-2.07%"
"Nov 09, 2021","4,731.83","4,808.34","4,836.69","4,715.43","437.41K","-1.59%"
"Nov 08, 2021","4,808.38","4,612.05","4,822.97","4,612.05","673.21K","4.26%"
"Nov 07, 2021","4,612.06","4,517.27","4,634.39","4,502.70","337.81K","2.10%"
"Nov 06, 2021","4,517.36","4,475.00","4,526.75","4,330.29","442.60K","0.95%"
"Nov 05, 2021","4,475.00","4,534.96","4,569.31","4,439.67","409.75K","-1.33%"
"Nov 04, 2021","4,535.11","4,601.93","4,604.83","4,421.87","495.86K","-1.46%"
"Nov 03, 2021","4,602.21","4,586.96","4,661.88","4,458.87","634.68K","0.35%"
"Nov 02, 2021","4,586.06","4,320.85","4,598.38","4,287.36","630.26K","6.14%"
"Nov 01, 2021","4,320.85","4,287.41","4,376.94","4,157.51","574.26K","0.78%"
"Oct 31, 2021","4,287.56","4,322.00","4,393.61","4,169.48","555.32K","-0.77%"
"Oct 30, 2021","4,320.65","4,413.70","4,428.41","4,250.24","494.87K","-2.11%"
"Oct 29, 2021","4,413.70","4,284.90","4,458.30","4,268.21","781.57K","3.01%"
"Oct 28, 2021","4,284.90","3,921.54","4,289.80","3,896.33","865.80K","9.25%"
"Oct 27, 2021","3,921.93","4,130.06","4,299.61","3,914.06","1.07M","-5.03%"
"Oct 26, 2021","4,129.51","4,219.92","4,291.98","4,098.19","559.29K","-2.14%"
"Oct 25, 2021","4,219.92","4,082.68","4,234.76","4,069.94","481.41K","3.36%"
"Oct 24, 2021","4,082.80","4,168.80","4,184.00","3,965.84","507.63K","-2.06%"
"Oct 23, 2021","4,168.85","3,970.94","4,169.33","3,938.79","487.03K","4.98%"
"Oct 22, 2021","3,970.94","4,053.89","4,164.11","3,896.40","654.77K","-2.05%"
"Oct 21, 2021","4,054.16","4,160.51","4,366.91","4,029.48","1.14M","-2.54%"
"Oct 20, 2021","4,159.89","3,876.76","4,168.12","3,830.26","752.03K","7.30%"
"Oct 19, 2021","3,876.78","3,745.46","3,884.34","3,733.78","488.60K","3.45%"
"Oct 18, 2021","3,747.60","3,848.64","3,892.01","3,685.82","578.21K","-2.55%"
"Oct 17, 2021","3,845.47","3,827.55","3,917.56","3,664.63","543.52K","0.47%"
"Oct 16, 2021","3,827.55","3,869.05","3,967.43","3,804.55","527.61K","-1.02%"
"Oct 15, 2021","3,866.90","3,790.34","3,904.91","3,735.21","721.14K","2.02%"
"Oct 14, 2021","3,790.41","3,607.36","3,820.47","3,588.24","697.09K","5.08%"
"Oct 13, 2021","3,607.28","3,491.08","3,612.04","3,416.00","557.18K","3.36%"
"Oct 12, 2021","3,489.90","3,541.49","3,545.35","3,404.49","609.89K","-1.56%"
"Oct 11, 2021","3,545.06","3,414.93","3,622.53","3,381.43","683.24K","3.81%"
"Oct 10, 2021","3,415.03","3,574.52","3,599.18","3,409.22","767.49K","-4.45%"
"Oct 09, 2021","3,574.20","3,559.96","3,626.11","3,541.40","464.11K","0.42%"
"Oct 08, 2021","3,559.42","3,586.91","3,668.35","3,537.24","681.74K","-0.74%"
"Oct 07, 2021","3,586.00","3,575.43","3,650.18","3,473.47","826.29K","0.30%"
"Oct 06, 2021","3,575.41","3,515.35","3,627.19","3,345.56","1.05M","1.65%"
"Oct 05, 2021","3,517.26","3,383.32","3,540.83","3,365.28","663.88K","3.97%"
"Oct 04, 2021","3,382.90","3,417.26","3,436.34","3,273.22","826.83K","-1.01%"
"Oct 03, 2021","3,417.34","3,388.83","3,485.48","3,346.63","642.59K","0.84%"
"Oct 02, 2021","3,388.97","3,309.14","3,467.95","3,265.97","778.15K","2.41%"
"Oct 01, 2021","3,309.13","2,999.86","3,329.32","2,972.75","1.14M","10.28%"
"Sep 30, 2021","3,000.59","2,851.06","3,047.08","2,837.68","968.23K","5.23%"
"Sep 29, 2021","2,851.50","2,807.15","2,948.50","2,784.66","728.86K","1.57%"
"Sep 28, 2021","2,807.28","2,926.04","2,969.18","2,791.42","896.28K","-4.07%"
"Sep 27, 2021","2,926.24","3,061.86","3,163.86","2,926.24","865.30K","-4.48%"
"Sep 26, 2021","3,063.51","2,922.47","3,113.65","2,740.12","1.33M","4.82%"
"Sep 25, 2021","2,922.55","2,928.59","2,965.48","2,812.70","975.49K","-0.21%"
"Sep 24, 2021","2,928.57","3,152.92","3,158.38","2,740.06","1.74M","-7.12%"
"Sep 23, 2021","3,152.92","3,077.80","3,173.00","3,035.96","841.54K","2.44%"
"Sep 22, 2021","3,077.78","2,764.71","3,087.97","2,740.58","1.19M","11.45%"
"Sep 21, 2021","2,761.52","2,976.70","3,101.88","2,659.71","1.79M","-7.21%"
"Sep 20, 2021","2,976.05","3,328.49","3,344.04","2,931.64","1.72M","-10.61%"
"Sep 19, 2021","3,329.12","3,435.92","3,455.67","3,282.85","614.00K","-3.11%"
"Sep 18, 2021","3,435.97","3,398.55","3,539.50","3,371.33","600.19K","1.10%"
"Sep 17, 2021","3,398.65","3,569.92","3,592.20","3,352.32","748.10K","-4.78%"
"Sep 16, 2021","3,569.43","3,612.23","3,672.68","3,488.53","195.79K","-1.18%"
"Sep 15, 2021","3,611.90","3,430.36","3,612.29","3,361.63","790.27K","5.34%"
"Sep 14, 2021","3,428.87","3,284.65","3,428.87","3,270.91","720.34K","4.39%"
"Sep 13, 2021","3,284.52","3,408.17","3,429.24","3,118.66","1.34M","-3.63%"
"Sep 12, 2021","3,408.28","3,267.33","3,469.50","3,231.87","805.97K","4.31%"
"Sep 11, 2021","3,267.33","3,209.37","3,345.37","3,202.41","732.95K","1.87%"
"Sep 10, 2021","3,207.27","3,423.87","3,512.90","3,156.28","1.21M","-6.32%"
"Sep 09, 2021","3,423.51","3,498.92","3,564.30","3,395.94","1.09M","-2.05%"
"Sep 08, 2021","3,495.10","3,424.35","3,557.67","3,221.60","780.68K","2.10%"
"Sep 07, 2021","3,423.12","3,926.84","3,945.79","3,061.30","2.47M","-12.84%"
"Sep 06, 2021","3,927.21","3,950.20","3,968.20","3,867.55","764.56K","-0.59%"
"Sep 05, 2021","3,950.62","3,885.40","3,981.22","3,834.74","714.16K","1.69%"
"Sep 04, 2021","3,884.97","3,938.45","3,968.33","3,844.07","672.53K","-1.30%"
"Sep 03, 2021","3,936.29","3,785.85","4,024.89","3,715.97","1.20M","3.96%"
"Sep 02, 2021","3,786.19","3,826.90","3,833.89","3,723.42","928.70K","-1.21%"
"Sep 01, 2021","3,832.73","3,429.65","3,839.91","3,384.82","1.48M","11.72%"
"Aug 31, 2021","3,430.74","3,228.23","3,467.42","3,191.34","1.52M","6.36%"
"Aug 30, 2021","3,225.67","3,222.43","3,345.72","3,145.53","966.58K","0.11%"
"Aug 29, 2021","3,222.16","3,243.96","3,282.21","3,155.31","643.73K","-0.67%"
"Aug 28, 2021","3,243.90","3,273.78","3,284.58","3,212.24","466.21K","-0.91%"
"Aug 27, 2021","3,273.58","3,093.78","3,279.93","3,063.37","839.54K","5.82%"
"Aug 26, 2021","3,093.54","3,228.03","3,249.62","3,057.48","118.44K","-4.17%"
"Aug 25, 2021","3,228.15","3,172.12","3,247.43","3,080.70","923.13K","1.73%"
"Aug 24, 2021","3,173.26","3,322.60","3,357.99","3,150.75","988.82K","-4.41%"
"Aug 23, 2021","3,319.49","3,238.41","3,375.42","3,231.96","1.09M","2.49%"
"Aug 22, 2021","3,238.70","3,224.17","3,271.94","3,128.98","747.65K","0.46%"
"Aug 21, 2021","3,223.96","3,285.12","3,307.33","3,200.19","768.74K","-1.83%"
"Aug 20, 2021","3,284.21","3,184.83","3,300.36","3,179.18","739.32K","3.12%"
"Aug 19, 2021","3,184.82","3,016.92","3,185.51","2,962.04","844.13K","5.57%"
"Aug 18, 2021","3,016.91","3,012.62","3,124.51","2,951.04","750.74K","0.08%"
"Aug 17, 2021","3,014.58","3,147.67","3,290.03","2,993.63","1.06M","-4.23%"
"Aug 16, 2021","3,147.65","3,307.96","3,334.22","3,138.37","859.09K","-4.87%"
"Aug 15, 2021","3,308.87","3,264.56","3,318.61","3,115.34","782.81K","1.35%"
"Aug 14, 2021","3,264.69","3,322.25","3,328.38","3,209.45","658.60K","-1.74%"
"Aug 13, 2021","3,322.43","3,043.20","3,324.53","3,035.52","795.54K","9.16%"
"Aug 12, 2021","3,043.61","3,160.17","3,236.28","2,981.35","965.63K","-3.79%"
"Aug 11, 2021","3,163.66","3,140.86","3,269.70","3,122.67","950.12K","0.73%"
"Aug 10, 2021","3,140.71","3,162.81","3,232.02","3,057.84","1.12M","-0.70%"
"Aug 09, 2021","3,162.93","3,011.88","3,184.84","2,899.24","1.44M","5.01%"
"Aug 08, 2021","3,012.07","3,158.30","3,188.49","2,949.66","1.25M","-4.62%"
"Aug 07, 2021","3,158.00","2,889.58","3,169.74","2,867.58","64.84K","9.29%"
"Aug 06, 2021","2,889.43","2,827.23","2,946.62","2,726.04","1.06M","2.20%"
"Aug 05, 2021","2,827.21","2,725.28","2,842.95","2,533.51","1.65M","3.74%"
"Aug 04, 2021","2,725.29","2,506.50","2,766.46","2,462.32","1.23M","8.72%"
"Aug 03, 2021","2,506.65","2,608.01","2,631.43","2,445.49","158.45K","-3.89%"
"Aug 02, 2021","2,608.04","2,556.07","2,664.73","2,513.51","970.67K","2.03%"
"Aug 01, 2021","2,556.23","2,530.94","2,696.38","2,515.26","1.20M","0.95%"
"Jul 31, 2021","2,532.19","2,461.08","2,551.68","2,421.70","507.08K","2.89%"
"Jul 30, 2021","2,460.95","2,380.59","2,467.40","2,320.80","1.03M","3.36%"
"Jul 29, 2021","2,380.93","2,299.46","2,397.71","2,269.15","642.75K","3.56%"
"Jul 28, 2021","2,299.11","2,300.21","2,343.49","2,246.23","968.94K","-0.05%"
"Jul 27, 2021","2,300.22","2,230.24","2,318.68","2,152.92","1.25M","3.17%"
"Jul 26, 2021","2,229.53","2,189.74","2,430.01","2,174.44","1.89M","1.81%"
"Jul 25, 2021","2,189.79","2,166.98","2,195.03","2,108.74","786.94K","1.76%"
"Jul 24, 2021","2,151.85","2,124.00","2,162.29","2,106.71","907.11K","1.33%"
"Jul 23, 2021","2,123.61","2,024.51","2,129.66","2,000.27","961.67K","4.89%"
"Jul 22, 2021","2,024.58","1,994.61","2,043.26","1,952.31","1.02M","1.51%"
"Jul 21, 2021","1,994.49","1,786.18","2,029.51","1,758.64","1.51M","11.67%"
"Jul 20, 2021","1,786.07","1,818.07","1,840.36","1,720.70","1.20M","-1.76%"
"Jul 19, 2021","1,818.07","1,891.43","1,915.15","1,807.19","802.78K","-3.93%"
"Jul 18, 2021","1,892.42","1,898.01","1,988.24","1,881.60","829.77K","-0.29%"
"Jul 17, 2021","1,897.98","1,877.00","1,917.80","1,851.97","623.52K","1.05%"
"Jul 16, 2021","1,878.20","1,917.21","1,960.21","1,852.42","619.62K","-2.03%"
"Jul 15, 2021","1,917.21","1,994.73","2,038.91","1,884.81","645.06K","-3.88%"
"Jul 14, 2021","1,994.64","1,940.48","2,017.99","1,868.45","1.05M","2.78%"
"Jul 13, 2021","1,940.72","2,035.09","2,042.61","1,920.62","717.85K","-4.64%"
"Jul 12, 2021","2,035.09","2,139.44","2,167.60","2,008.66","540.10K","-4.87%"
"Jul 11, 2021","2,139.35","2,110.90","2,173.34","2,081.62","724.84K","1.34%"
"Jul 10, 2021","2,111.12","2,146.15","2,191.30","2,078.43","929.32K","-1.62%"
"Jul 09, 2021","2,145.89","2,120.05","2,185.62","2,066.09","1.42M","1.21%"
"Jul 08, 2021","2,120.22","2,316.21","2,322.47","2,095.92","1.82M","-8.48%"
"Jul 07, 2021","2,316.57","2,322.74","2,402.68","2,296.43","1.32M","-0.26%"
"Jul 06, 2021","2,322.72","2,196.25","2,347.47","2,194.20","1.78M","5.76%"
"Jul 05, 2021","2,196.16","2,322.60","2,322.60","2,163.09","822.95K","-5.47%"
"Jul 04, 2021","2,323.22","2,224.70","2,386.20","2,222.95","1.39M","4.43%"
"Jul 03, 2021","2,224.70","2,154.53","2,236.97","2,115.80","1.28M","3.25%"
"Jul 02, 2021","2,154.78","2,108.58","2,158.70","2,019.75","1.39M","2.17%"
"Jul 01, 2021","2,109.11","2,274.50","2,274.63","2,077.56","1.71M","-7.24%"
"Jun 30, 2021","2,273.84","2,158.32","2,281.55","2,090.61","1.90M","5.33%"
"Jun 29, 2021","2,158.71","2,083.48","2,241.86","2,076.17","898.06K","3.63%"
"Jun 28, 2021","2,083.09","1,981.24","2,142.84","1,962.89","2.19M","5.21%"
"Jun 27, 2021","1,979.88","1,830.42","1,980.70","1,808.59","1.87M","8.15%"
"Jun 26, 2021","1,830.62","1,810.53","1,850.40","1,719.32","1.99M","1.11%"
"Jun 25, 2021","1,810.57","1,989.77","2,017.47","1,793.47","1.65M","-8.98%"
"Jun 24, 2021","1,989.14","1,968.76","2,033.96","1,886.74","1.64M","1.05%"
"Jun 23, 2021","1,968.39","1,877.28","2,043.10","1,823.57","1.77M","4.89%"
"Jun 22, 2021","1,876.66","1,890.95","1,994.32","1,707.24","2.84M","-0.77%"
"Jun 21, 2021","1,891.18","2,244.25","2,257.86","1,868.32","2.69M","-15.72%"
"Jun 20, 2021","2,243.86","2,166.30","2,276.83","2,045.03","1.42M","3.55%"
"Jun 19, 2021","2,166.91","2,229.53","2,276.70","2,164.14","1.08M","-2.81%"
"Jun 18, 2021","2,229.53","2,372.10","2,376.62","2,142.74","778.79K","-5.99%"
"Jun 17, 2021","2,371.62","2,367.78","2,459.11","2,309.08","1.06M","0.18%"
"Jun 16, 2021","2,367.28","2,544.35","2,552.12","2,353.24","1.37M","-6.94%"
"Jun 15, 2021","2,543.83","2,581.42","2,637.90","2,512.39","1.95M","-1.46%"
"Jun 14, 2021","2,581.48","2,508.49","2,606.91","2,467.61","1.79M","2.92%"
"Jun 13, 2021","2,508.27","2,368.68","2,547.90","2,311.96","1.62M","5.90%"
"Jun 12, 2021","2,368.47","2,351.45","2,448.04","2,260.80","1.80M","0.72%"
"Jun 11, 2021","2,351.45","2,470.04","2,493.48","2,324.21","587.18K","-4.80%"
"Jun 10, 2021","2,469.97","2,607.45","2,615.46","2,432.41","1.29M","-5.23%"
"Jun 09, 2021","2,606.23","2,507.86","2,620.74","2,408.37","2.32M","3.81%"
"Jun 08, 2021","2,510.65","2,592.12","2,618.70","2,320.64","75.18K","-3.16%"
"Jun 07, 2021","2,592.63","2,713.52","2,842.88","2,581.24","3.01M","-4.46%"
"Jun 06, 2021","2,713.66","2,628.43","2,743.53","2,614.48","756.36K","3.22%"
"Jun 05, 2021","2,628.98","2,688.75","2,814.02","2,555.98","2.55M","-2.14%"
"Jun 04, 2021","2,686.50","2,856.63","2,856.63","2,557.71","2.47M","-5.85%"
"Jun 03, 2021","2,853.35","2,705.05","2,889.19","2,666.39","1.09M","5.44%"
"Jun 02, 2021","2,706.10","2,633.74","2,801.00","2,554.88","2.60M","2.75%"
"Jun 01, 2021","2,633.67","2,707.94","2,738.23","2,529.73","2.45M","-2.76%"
"May 31, 2021","2,708.47","2,386.93","2,713.98","2,279.42","2.83M","13.51%"
"May 30, 2021","2,386.10","2,276.97","2,465.84","2,181.93","2.80M","4.83%"
"May 29, 2021","2,276.07","2,411.68","2,567.42","2,207.21","2.94M","-5.73%"
"May 28, 2021","2,414.29","2,742.39","2,760.17","2,332.43","3.26M","-11.75%"
"May 27, 2021","2,735.88","2,885.02","2,885.87","2,638.62","2.39M","-5.16%"
"May 26, 2021","2,884.66","2,705.69","2,908.37","2,648.10","2.66M","6.64%"
"May 25, 2021","2,705.09","2,647.27","2,747.49","2,388.81","3.28M","2.20%"
"May 24, 2021","2,646.79","2,101.30","2,667.20","2,080.87","3.24M","25.96%"
"May 23, 2021","2,101.34","2,292.68","2,379.89","1,739.91","3.52M","-8.30%"
"May 22, 2021","2,291.60","2,433.09","2,481.06","2,162.84","2.82M","-5.82%"
"May 21, 2021","2,433.11","2,766.88","2,931.66","2,111.42","4.23M","-12.40%"
"May 20, 2021","2,777.55","2,436.59","2,988.52","2,163.40","4.33M","14.04%"
"May 19, 2021","2,435.69","3,376.22","3,434.01","1,922.25","6.42M","-27.89%"
"May 18, 2021","3,377.55","3,280.50","3,558.57","3,244.93","2.30M","2.98%"
"May 17, 2021","3,279.68","3,582.19","3,582.27","3,130.12","2.85M","-8.44%"
"May 16, 2021","3,582.12","3,643.67","3,877.20","3,351.92","2.28M","-1.63%"
"May 15, 2021","3,641.65","4,074.57","4,129.99","3,639.12","1.94M","-10.64%"
"May 14, 2021","4,075.38","3,719.46","4,171.76","3,694.54","2.06M","9.56%"
"May 13, 2021","3,719.62","3,807.50","4,031.99","3,539.96","3.21M","-2.42%"
"May 12, 2021","3,811.77","4,173.61","4,366.10","3,794.15","2.78M","-8.54%"
"May 11, 2021","4,167.78","3,948.66","4,177.53","3,781.86","1.27M","5.57%"
"May 10, 2021","3,947.90","3,923.48","4,203.98","3,669.84","2.70M","0.65%"
"May 09, 2021","3,922.23","3,905.69","3,979.77","3,734.44","1.94M","0.43%"
"May 08, 2021","3,905.55","3,479.81","3,952.88","3,453.37","1.34M","12.19%"
"May 07, 2021","3,481.22","3,490.83","3,583.34","3,363.56","1.35M","-0.24%"
"May 06, 2021","3,489.52","3,522.74","3,601.59","3,380.60","1.51M","-0.94%"
"May 05, 2021","3,522.76","3,284.31","3,540.78","3,228.86","1.87M","7.18%"
"May 04, 2021","3,286.71","3,429.48","3,516.34","3,188.90","2.74M","-4.16%"
"May 03, 2021","3,429.37","2,950.07","3,451.44","2,950.07","2.32M","16.24%"
"May 02, 2021","2,950.33","2,945.04","2,984.52","2,854.12","1.30M","0.19%"
"May 01, 2021","2,944.66","2,772.27","2,951.74","2,753.60","1.51M","6.20%"
"Apr 30, 2021","2,772.78","2,757.02","2,797.61","2,726.03","1.52M","0.56%"
"Apr 29, 2021","2,757.36","2,746.51","2,797.52","2,670.35","1.65M","0.39%"
"Apr 28, 2021","2,746.54","2,665.83","2,759.03","2,562.74","1.74M","3.05%"
"Apr 27, 2021","2,665.24","2,531.07","2,677.95","2,484.44","1.45M","5.22%"
"Apr 26, 2021","2,533.12","2,320.63","2,539.80","2,305.97","1.79M","9.35%"
"Apr 25, 2021","2,316.48","2,217.23","2,355.20","2,169.91","1.02M","4.54%"
"Apr 24, 2021","2,215.93","2,367.35","2,367.46","2,159.60","1.61M","-6.39%"
"Apr 23, 2021","2,367.31","2,398.95","2,440.21","2,119.26","3.46M","-1.41%"
"Apr 22, 2021","2,401.10","2,360.32","2,642.99","2,313.46","3.17M","1.71%"
"Apr 21, 2021","2,360.81","2,331.84","2,467.51","2,238.15","2.10M","1.23%"
"Apr 20, 2021","2,332.14","2,161.06","2,345.18","2,058.00","1.86M","7.94%"
"Apr 19, 2021","2,160.63","2,236.10","2,275.87","2,081.30","1.90M","-3.42%"
"Apr 18, 2021","2,237.17","2,317.88","2,338.53","1,948.93","2.76M","-3.50%"
"Apr 17, 2021","2,318.33","2,424.12","2,493.93","2,314.12","1.73M","-4.33%"
"Apr 16, 2021","2,423.18","2,514.55","2,544.54","2,302.30","2.08M","-3.62%"
"Apr 15, 2021","2,514.22","2,432.90","2,541.90","2,402.75","1.91M","3.40%"
"Apr 14, 2021","2,431.56","2,299.25","2,445.40","2,281.49","2.11M","5.72%"
"Apr 13, 2021","2,299.93","2,137.55","2,315.47","2,136.49","2.38M","7.58%"
"Apr 12, 2021","2,137.81","2,150.79","2,199.52","2,103.73","2.16M","-0.63%"
"Apr 11, 2021","2,151.42","2,133.89","2,164.76","2,114.55","1.97M","0.83%"
"Apr 10, 2021","2,133.79","2,067.26","2,197.73","2,058.23","2.09M","3.23%"
"Apr 09, 2021","2,066.93","2,080.20","2,101.07","2,050.39","2.47M","-0.62%"
"Apr 08, 2021","2,079.92","1,962.44","2,084.08","1,951.83","1.73M","6.04%"
"Apr 07, 2021","1,961.46","2,112.41","2,128.25","1,939.64","2.30M","-7.11%"
"Apr 06, 2021","2,111.53","2,108.81","2,150.78","2,047.48","1.93M","0.24%"
"Apr 05, 2021","2,106.41","2,076.14","2,127.89","2,004.05","2.31M","1.47%"
"Apr 04, 2021","2,075.94","2,007.82","2,091.31","1,982.00","1.59M","3.35%"
"Apr 03, 2021","2,008.59","2,134.66","2,137.68","2,004.40","2.01M","-5.90%"
"Apr 02, 2021","2,134.55","1,968.12","2,144.11","1,949.99","2.47M","8.47%"
"Apr 01, 2021","1,967.96","1,918.82","1,983.84","1,897.38","2.08M","2.61%"
"Mar 31, 2021","1,917.99","1,841.01","1,945.40","1,774.66","2.59M","4.18%"
"Mar 30, 2021","1,841.01","1,816.92","1,857.65","1,788.60","3.03M","1.34%"
"Mar 29, 2021","1,816.69","1,686.88","1,839.41","1,678.38","1.94M","7.70%"
"Mar 28, 2021","1,686.80","1,712.89","1,724.74","1,661.92","1.31M","-1.53%"
"Mar 27, 2021","1,713.01","1,698.68","1,731.73","1,667.12","1.40M","0.85%"
"Mar 26, 2021","1,698.60","1,586.36","1,699.27","1,586.28","1.64M","7.06%"
"Mar 25, 2021","1,586.54","1,582.23","1,621.32","1,550.11","1.54M","0.26%"
"Mar 24, 2021","1,582.38","1,668.42","1,739.82","1,546.48","1.88M","-5.13%"
"Mar 23, 2021","1,667.90","1,681.50","1,720.01","1,654.14","1.46M","-0.86%"
"Mar 22, 2021","1,682.37","1,783.58","1,806.62","1,659.28","1.58M","-5.68%"
"Mar 21, 2021","1,783.72","1,804.60","1,815.85","1,748.47","1.43M","-1.16%"
"Mar 20, 2021","1,804.60","1,809.09","1,868.09","1,801.60","27.03K","-0.28%"
"Mar 19, 2021","1,809.64","1,775.87","1,848.88","1,735.42","1.20M","1.89%"
"Mar 18, 2021","1,776.08","1,823.72","1,849.23","1,760.83","1.53M","-2.59%"
"Mar 17, 2021","1,823.35","1,804.56","1,837.88","1,743.62","1.50M","1.03%"
"Mar 16, 2021","1,804.85","1,792.08","1,817.35","1,715.97","1.81M","0.70%"
"Mar 15, 2021","1,792.38","1,848.18","1,890.59","1,745.04","1.70M","-3.07%"
"Mar 14, 2021","1,849.06","1,921.29","1,932.36","1,836.78","671.56K","-3.75%"
"Mar 13, 2021","1,921.13","1,767.05","1,943.36","1,730.46","1.79M","8.73%"
"Mar 12, 2021","1,766.90","1,827.44","1,841.19","1,723.18","1.52M","-3.23%"
"Mar 11, 2021","1,825.79","1,794.28","1,845.32","1,729.05","1.58M","1.76%"
"Mar 10, 2021","1,794.14","1,869.32","1,875.98","1,759.50","1.66M","-4.01%"
"Mar 09, 2021","1,869.10","1,831.57","1,869.10","1,801.29","1.58M","2.05%"
"Mar 08, 2021","1,831.49","1,727.17","1,841.05","1,665.54","1.97M","5.98%"
"Mar 07, 2021","1,728.10","1,650.94","1,732.84","1,634.73","1.69M","4.78%"
"Mar 06, 2021","1,649.19","1,530.24","1,670.01","1,514.62","2.07M","7.77%"
"Mar 05, 2021","1,530.29","1,539.73","1,548.71","1,443.32","1.67M","-0.54%"
"Mar 04, 2021","1,538.61","1,567.84","1,623.73","1,506.86","1.70M","-2.06%"
"Mar 03, 2021","1,571.05","1,488.80","1,653.04","1,477.72","1.17M","5.54%"
"Mar 02, 2021","1,488.62","1,570.00","1,602.13","1,457.22","1.74M","-5.18%"
"Mar 01, 2021","1,570.03","1,418.91","1,571.15","1,411.55","1.92M","10.66%"
"Feb 28, 2021","1,418.76","1,458.84","1,467.76","1,294.79","2.07M","-2.75%"
"Feb 27, 2021","1,458.93","1,445.69","1,527.69","1,427.15","1.56M","0.93%"
"Feb 26, 2021","1,445.44","1,476.77","1,561.66","1,403.30","2.13M","-2.08%"
"Feb 25, 2021","1,476.15","1,623.76","1,669.24","1,460.92","1.75M","-9.09%"
"Feb 24, 2021","1,623.71","1,578.27","1,711.16","1,505.79","2.19M","2.89%"
"Feb 23, 2021","1,578.11","1,777.25","1,781.44","1,370.45","3.60M","-11.21%"
"Feb 22, 2021","1,777.28","1,933.52","1,935.04","1,561.68","2.68M","-8.08%"
"Feb 21, 2021","1,933.45","1,912.97","1,974.99","1,885.70","1.47M","1.02%"
"Feb 20, 2021","1,913.88","1,955.54","2,040.79","1,800.00","2.29M","-2.13%"
"Feb 19, 2021","1,955.59","1,934.17","1,968.93","1,892.70","1.78M","1.11%"
"Feb 18, 2021","1,934.16","1,849.95","1,950.04","1,849.05","881.87K","4.66%"
"Feb 17, 2021","1,847.95","1,781.44","1,854.03","1,734.15","1.69M","3.72%"
"Feb 16, 2021","1,781.69","1,778.63","1,827.07","1,726.78","1.48M","0.16%"
"Feb 15, 2021","1,778.82","1,800.60","1,835.51","1,661.09","1.94M","-1.27%"
"Feb 14, 2021","1,801.78","1,815.44","1,850.00","1,787.11","1.43M","-0.76%"
"Feb 13, 2021","1,815.49","1,840.90","1,871.36","1,766.05","1.44M","-1.39%"
"Feb 12, 2021","1,841.02","1,786.74","1,862.17","1,741.04","1.75M","3.06%"
"Feb 11, 2021","1,786.35","1,742.11","1,817.68","1,704.97","1.56M","2.54%"
"Feb 10, 2021","1,742.09","1,770.81","1,835.40","1,683.52","2.01M","-1.61%"
"Feb 09, 2021","1,770.63","1,750.19","1,818.94","1,711.40","1.94M","1.17%"
"Feb 08, 2021","1,750.18","1,612.98","1,775.12","1,566.43","2.17M","8.50%"
"Feb 07, 2021","1,612.99","1,676.62","1,692.29","1,491.68","1.94M","-3.80%"
"Feb 06, 2021","1,676.63","1,719.11","1,742.90","1,648.03","1.78M","-2.48%"
"Feb 05, 2021","1,719.20","1,593.91","1,760.09","1,589.28","1.80M","7.85%"
"Feb 04, 2021","1,594.00","1,664.19","1,693.64","1,570.45","2.34M","-4.23%"
"Feb 03, 2021","1,664.34","1,511.96","1,667.93","1,510.27","2.27M","10.12%"
"Feb 02, 2021","1,511.36","1,373.31","1,546.88","1,361.63","2.73M","10.04%"
"Feb 01, 2021","1,373.40","1,312.69","1,376.44","1,272.09","1.65M","4.62%"
"Jan 31, 2021","1,312.73","1,377.05","1,380.04","1,282.41","1.54M","-4.67%"
"Jan 30, 2021","1,376.96","1,379.78","1,405.78","1,327.66","1.59M","-0.17%"
"Jan 29, 2021","1,379.30","1,329.16","1,436.27","1,288.26","3.33M","3.83%"
"Jan 28, 2021","1,328.47","1,247.67","1,359.51","1,221.15","814.31K","6.48%"
"Jan 27, 2021","1,247.62","1,366.14","1,372.31","1,210.40","2.90M","-8.68%"
"Jan 26, 2021","1,366.27","1,317.67","1,377.94","1,246.45","2.56M","3.67%"
"Jan 25, 2021","1,317.90","1,390.69","1,474.68","1,298.13","2.77M","-5.21%"
"Jan 24, 2021","1,390.28","1,233.41","1,398.00","1,222.14","2.30M","12.72%"
"Jan 23, 2021","1,233.40","1,234.34","1,271.65","1,196.94","1.46M","-0.10%"
"Jan 22, 2021","1,234.58","1,118.01","1,272.85","1,045.02","2.94M","10.49%"
"Jan 21, 2021","1,117.33","1,377.63","1,387.39","1,095.26","2.76M","-18.89%"
"Jan 20, 2021","1,377.53","1,372.00","1,406.56","1,237.27","3.05M","0.40%"
"Jan 19, 2021","1,372.00","1,258.10","1,437.42","1,252.36","2.27M","9.06%"
"Jan 18, 2021","1,258.06","1,233.93","1,260.30","1,184.15","1.73M","2.06%"
"Jan 17, 2021","1,232.64","1,228.33","1,269.01","1,168.39","2.15M","0.36%"
"Jan 16, 2021","1,228.27","1,172.12","1,290.92","1,154.04","2.29M","4.83%"
"Jan 15, 2021","1,171.68","1,233.34","1,256.13","1,079.19","2.85M","-4.44%"
"Jan 14, 2021","1,226.17","1,128.80","1,246.52","1,088.52","1.55M","8.66%"
"Jan 13, 2021","1,128.46","1,050.20","1,134.66","990.96","2.25M","7.45%"
"Jan 12, 2021","1,050.19","1,086.96","1,149.19","1,008.28","3.09M","-3.78%"
"Jan 11, 2021","1,091.47","1,255.84","1,257.30","917.96","4.19M","-13.10%"
"Jan 10, 2021","1,256.04","1,275.87","1,347.98","1,180.45","2.65M","-1.53%"
"Jan 09, 2021","1,275.58","1,215.92","1,301.75","1,172.39","1.99M","4.92%"
"Jan 08, 2021","1,215.73","1,224.33","1,271.08","1,069.25","2.71M","-0.70%"
"Jan 07, 2021","1,224.35","1,208.71","1,286.81","1,153.09","2.71M","1.37%"
"Jan 06, 2021","1,207.77","1,099.77","1,210.78","1,060.67","3.75M","9.85%"
"Jan 05, 2021","1,099.52","1,042.48","1,131.56","976.91","3.25M","5.48%"
"Jan 04, 2021","1,042.40","977.76","1,158.27","894.24","5.19M","6.92%"
"Jan 03, 2021","974.97","774.54","1,008.49","769.57","4.02M","25.88%"
"Jan 02, 2021","774.50","729.00","787.26","715.15","2.25M","6.22%"
"Jan 01, 2021","729.12","735.87","748.96","715.74","1.64M","-0.93%"
"Dec 31, 2020","735.94","751.92","755.13","724.67","1.04M","-2.11%"
"Dec 30, 2020","751.80","732.04","757.11","720.21","1.86M","2.74%"
"Dec 29, 2020","731.76","730.26","739.77","690.24","1.82M","0.23%"
"Dec 28, 2020","730.05","683.76","747.86","682.47","2.75M","6.78%"
"Dec 27, 2020","683.71","636.35","715.46","627.12","2.31M","7.40%"
"Dec 26, 2020","636.58","626.99","652.36","616.04","1.94M","1.54%"
"Dec 25, 2020","626.93","612.38","633.90","605.01","1.70M","2.38%"
"Dec 24, 2020","612.34","585.47","614.92","566.15","1.72M","4.55%"
"Dec 23, 2020","585.69","637.04","638.11","554.09","2.20M","-8.12%"
"Dec 22, 2020","637.47","607.86","637.47","588.24","2.12M","4.87%"
"Dec 21, 2020","607.85","638.28","647.87","599.97","1.88M","-4.77%"
"Dec 20, 2020","638.26","657.79","661.04","622.39","2.11M","-3.02%"
"Dec 19, 2020","658.17","654.08","669.54","645.91","2.17M","0.66%"
"Dec 18, 2020","653.85","643.28","664.26","630.44","2.63M","1.66%"
"Dec 17, 2020","643.17","637.29","675.68","627.36","3.67M","0.91%"
"Dec 16, 2020","637.38","588.81","638.18","580.90","3.11M","8.23%"
"Dec 15, 2020","588.91","586.22","596.97","579.95","1.74M","0.46%"
"Dec 14, 2020","586.19","590.66","591.41","576.01","1.78M","-0.83%"
"Dec 13, 2020","591.09","568.07","594.83","563.37","2.03M","4.10%"
"Dec 12, 2020","567.78","544.16","573.59","543.90","1.62M","4.34%"
"Dec 11, 2020","544.17","558.15","560.28","536.43","30.17M","-2.50%"
"Dec 10, 2020","558.13","573.28","575.56","548.99","19.60M","-2.63%"
"Dec 09, 2020","573.21","554.95","577.94","530.88","9.10M","3.27%"
"Dec 08, 2020","555.05","591.03","594.78","551.08","8.11M","-6.10%"
"Dec 07, 2020","591.09","601.54","603.06","584.53","7.72M","-1.76%"
"Dec 06, 2020","601.68","596.61","606.90","583.67","13.14M","0.84%"
"Dec 05, 2020","596.68","567.84","596.73","561.24","30.83M","5.07%"
"Dec 04, 2020","567.91","616.33","619.61","566.34","48.95M","-7.85%"
"Dec 03, 2020","616.32","597.94","622.10","587.15","24.00M","3.06%"
"Dec 02, 2020","598.05","585.69","604.34","575.24","16.21M","2.12%"
"Dec 01, 2020","585.66","616.78","635.66","567.79","49.42M","-4.91%"
"Nov 30, 2020","615.92","575.35","615.97","571.04","51.72M","7.03%"
"Nov 29, 2020","575.45","537.89","576.52","530.71","5.79M","7.01%"
"Nov 28, 2020","537.74","518.70","547.94","506.97","5.34M","3.79%"
"Nov 27, 2020","518.11","519.69","530.41","494.65","6.42M","-0.23%"
"Nov 26, 2020","519.32","569.69","577.08","484.03","13.11M","-8.84%"
"Nov 25, 2020","569.67","605.01","605.63","555.32","14.50M","-5.84%"
"Nov 24, 2020","605.03","609.20","621.70","589.56","41.11M","-0.69%"
"Nov 23, 2020","609.22","559.37","610.33","551.80","49.68M","8.91%"
"Nov 22, 2020","559.40","551.90","580.00","514.44","36.76M","1.36%"
"Nov 21, 2020","551.91","509.94","552.13","505.14","26.86M","8.22%"
"Nov 20, 2020","509.98","471.27","513.06","471.06","30.85M","8.23%"
"Nov 19, 2020","471.21","478.55","480.55","465.41","12.53M","-1.53%"
"Nov 18, 2020","478.52","482.05","495.04","459.92","18.19M","-0.71%"
"Nov 17, 2020","481.95","460.37","484.59","459.74","7.93M","4.67%"
"Nov 16, 2020","460.43","448.18","465.97","445.82","5.62M","2.72%"
"Nov 15, 2020","448.23","460.75","462.93","440.44","9.34M","-2.71%"
"Nov 14, 2020","460.70","476.38","477.34","452.60","9.17M","-3.27%"
"Nov 13, 2020","476.29","462.61","477.78","457.65","9.85M","2.97%"
"Nov 12, 2020","462.56","463.33","469.57","452.44","9.33M","-0.17%"
"Nov 11, 2020","463.33","450.26","476.08","449.51","15.13M","2.91%"
"Nov 10, 2020","450.22","444.38","454.43","439.50","20.76M","1.33%"
"Nov 09, 2020","444.33","454.55","458.51","434.95","28.85M","-2.28%"
"Nov 08, 2020","454.68","435.39","460.09","432.44","4.82M","4.43%"
"Nov 07, 2020","435.40","455.78","467.88","425.57","7.78M","-4.46%"
"Nov 06, 2020","455.72","416.59","457.79","415.08","6.53M","9.38%"
"Nov 05, 2020","416.63","402.50","419.94","396.46","7.04M","3.59%"
"Nov 04, 2020","402.19","388.23","407.90","377.22","6.17M","3.68%"
"Nov 03, 2020","387.92","383.64","389.98","370.96","6.73M","1.14%"
"Nov 02, 2020","383.53","396.45","404.04","379.13","9.43M","-3.22%"
"Nov 01, 2020","396.29","386.36","397.32","384.94","5.52M","2.55%"
"Oct 31, 2020","386.42","382.81","394.01","380.53","6.42M","1.05%"
"Oct 30, 2020","382.41","387.16","391.98","374.36","2.81M","-1.13%"
"Oct 29, 2020","386.76","388.25","393.33","381.53","3.04M","-0.35%"
"Oct 28, 2020","388.14","403.11","408.10","381.51","9.96M","-3.72%"
"Oct 27, 2020","403.15","393.93","409.85","390.92","6.29M","2.29%"
"Oct 26, 2020","394.11","406.45","410.41","383.21","9.06M","-2.95%"
"Oct 25, 2020","406.09","412.44","417.07","403.95","3.05M","-1.42%"
"Oct 24, 2020","411.92","408.59","416.28","407.74","2.68M","0.83%"
"Oct 23, 2020","408.52","414.12","419.11","402.91","8.18M","-1.33%"
"Oct 22, 2020","414.05","391.39","420.12","391.21","12.65M","5.84%"
"Oct 21, 2020","391.20","368.53","400.36","368.06","13.61M","6.20%"
"Oct 20, 2020","368.35","379.03","380.14","367.16","7.46M","-2.86%"
"Oct 19, 2020","379.19","377.85","383.97","372.72","6.85M","0.37%"
"Oct 18, 2020","377.81","368.61","378.49","367.54","4.68M","2.49%"
"Oct 17, 2020","368.63","365.08","369.94","363.18","4.98M","0.95%"
"Oct 16, 2020","365.17","377.60","379.60","362.65","7.59M","-3.25%"
"Oct 15, 2020","377.45","378.96","380.77","370.39","7.93M","-0.45%"
"Oct 14, 2020","379.15","381.13","387.11","373.62","8.08M","-0.55%"
"Oct 13, 2020","381.23","386.64","387.06","374.57","7.92M","-1.41%"
"Oct 12, 2020","386.68","374.39","394.58","366.05","10.39M","3.34%"
"Oct 11, 2020","374.19","370.28","377.27","369.23","5.22M","1.09%"
"Oct 10, 2020","370.16","365.25","377.97","364.57","7.17M","1.34%"
"Oct 09, 2020","365.28","350.71","368.19","347.82","7.85M","4.12%"
"Oct 08, 2020","350.83","341.66","352.95","334.79","6.85M","2.74%"
"Oct 07, 2020","341.48","340.59","342.68","334.11","5.77M","0.26%"
"Oct 06, 2020","340.61","353.53","354.90","337.21","7.32M","-3.59%"
"Oct 05, 2020","353.28","352.69","354.86","348.76","4.96M","0.16%"
"Oct 04, 2020","352.73","345.60","353.97","344.03","4.77M","2.06%"
"Oct 03, 2020","345.60","345.78","351.04","343.74","4.48M","-0.02%"
"Oct 02, 2020","345.68","353.06","353.61","335.91","7.27M","-2.09%"
"Oct 01, 2020","353.07","359.50","369.10","345.66","7.93M","-1.76%"
"Sep 30, 2020","359.39","359.77","360.94","352.81","5.43M","-0.13%"
"Sep 29, 2020","359.86","353.97","360.66","351.48","6.26M","1.63%"
"Sep 28, 2020","354.08","357.42","367.63","352.57","7.77M","-0.88%"
"Sep 27, 2020","357.23","354.26","362.00","347.51","6.35M","0.84%"
"Sep 26, 2020","354.25","351.62","355.87","346.95","6.48M","0.75%"
"Sep 25, 2020","351.63","349.13","357.80","338.01","8.47M","0.70%"
"Sep 24, 2020","349.17","319.97","352.60","317.27","9.40M","9.13%"
"Sep 23, 2020","319.95","343.96","344.12","315.54","13.88M","-7.00%"
"Sep 22, 2020","344.03","341.32","346.19","336.15","9.29M","0.80%"
"Sep 21, 2020","341.30","371.09","375.34","331.41","11.41M","-8.03%"
"Sep 20, 2020","371.12","385.33","385.39","365.48","7.30M","-3.67%"
"Sep 19, 2020","385.25","384.25","386.99","377.63","6.74M","0.27%"
"Sep 18, 2020","384.20","389.37","392.21","375.81","8.95M","-1.23%"
"Sep 17, 2020","388.97","364.75","393.96","363.54","12.85M","6.60%"
"Sep 16, 2020","364.88","363.91","372.88","355.18","9.06M","0.24%"
"Sep 15, 2020","364.01","376.70","381.67","362.40","9.06M","-3.37%"
"Sep 14, 2020","376.70","365.89","383.99","357.54","10.34M","3.01%"
"Sep 13, 2020","365.71","388.06","389.51","353.85","10.38M","-5.74%"
"Sep 12, 2020","387.98","373.74","388.12","366.05","11.49M","3.82%"
"Sep 11, 2020","373.72","367.89","374.41","356.38","12.53M","1.58%"
"Sep 10, 2020","367.92","351.10","376.92","350.86","16.50M","4.79%"
"Sep 09, 2020","351.10","337.46","358.33","331.12","14.07M","4.04%"
"Sep 08, 2020","337.46","352.06","355.69","326.66","18.98M","-4.15%"
"Sep 07, 2020","352.06","353.49","357.33","325.47","21.69M","-0.40%"
"Sep 06, 2020","353.49","334.91","358.09","316.69","20.13M","5.55%"
"Sep 05, 2020","334.91","385.94","394.12","314.13","35.32M","-13.22%"
"Sep 04, 2020","385.94","381.97","399.58","368.22","25.20M","1.04%"
"Sep 03, 2020","381.97","439.14","466.40","376.99","33.59M","-13.01%"
"Sep 02, 2020","439.08","475.72","480.96","423.26","30.14M","-7.72%"
"Sep 01, 2020","475.80","433.89","488.24","429.65","10.42M","9.65%"
"Aug 31, 2020","433.90","428.81","438.71","418.35","7.89M","1.18%"
"Aug 30, 2020","428.86","398.80","429.59","398.47","6.67M","7.54%"
"Aug 29, 2020","398.80","395.32","405.53","391.97","5.23M","0.93%"
"Aug 28, 2020","395.11","383.16","397.64","379.80","6.16M","3.13%"
"Aug 27, 2020","383.11","385.96","396.48","372.53","7.03M","-0.74%"
"Aug 26, 2020","385.96","383.16","392.61","377.63","6.69M","0.72%"
"Aug 25, 2020","383.20","407.64","409.02","370.40","8.28M","-6.01%"
"Aug 24, 2020","407.70","390.81","410.17","387.62","6.69M","4.40%"
"Aug 23, 2020","390.50","395.56","396.96","383.42","5.36M","-1.28%"
"Aug 22, 2020","395.56","388.06","396.87","379.96","6.73M","1.95%"
"Aug 21, 2020","387.99","416.05","418.72","385.21","7.62M","-6.75%"
"Aug 20, 2020","416.05","407.39","418.92","402.80","6.23M","2.11%"
"Aug 19, 2020","407.44","422.10","426.65","394.51","8.44M","-3.49%"
"Aug 18, 2020","422.16","430.63","433.65","415.45","8.18M","-1.95%"
"Aug 17, 2020","430.56","433.62","444.86","420.71","7.83M","-0.71%"
"Aug 16, 2020","433.63","432.22","436.58","413.22","7.02M","0.34%"
"Aug 15, 2020","432.18","438.04","442.70","428.75","7.27M","-1.34%"
"Aug 14, 2020","438.03","424.28","443.74","418.37","8.67M","3.23%"
"Aug 13, 2020","424.31","387.15","430.33","377.57","12.04M","9.61%"
"Aug 12, 2020","387.12","379.03","389.21","367.05","8.59M","2.14%"
"Aug 11, 2020","379.01","395.52","398.13","367.38","9.44M","-4.18%"
"Aug 10, 2020","395.53","390.22","399.05","386.45","8.01M","1.36%"
"Aug 09, 2020","390.23","396.78","399.93","384.31","4.97M","-1.65%"
"Aug 08, 2020","396.76","379.57","396.77","376.38","4.94M","4.53%"
"Aug 07, 2020","379.57","394.80","398.14","366.44","8.34M","-3.86%"
"Aug 06, 2020","394.83","400.80","403.18","391.67","7.92M","-1.49%"
"Aug 05, 2020","400.79","389.62","406.92","384.84","8.74M","2.87%"
"Aug 04, 2020","389.62","385.86","402.01","381.30","9.84M","0.99%"
"Aug 03, 2020","385.80","372.26","397.73","368.46","9.92M","3.69%"
"Aug 02, 2020","372.08","387.15","415.08","335.76","16.38M","-3.89%"
"Aug 01, 2020","387.14","346.48","392.37","343.33","11.03M","11.73%"
"Jul 31, 2020","346.51","334.84","349.34","329.02","8.69M","3.48%"
"Jul 30, 2020","334.87","317.79","341.11","314.83","9.07M","5.36%"
"Jul 29, 2020","317.82","316.95","324.93","312.64","8.72M","0.27%"
"Jul 28, 2020","316.96","321.82","326.53","306.40","9.91M","-1.50%"
"Jul 27, 2020","321.80","311.12","332.57","311.04","13.73M","3.43%"
"Jul 26, 2020","311.13","305.32","318.54","300.33","9.19M","1.90%"
"Jul 25, 2020","305.32","279.33","308.57","279.33","8.59M","9.30%"
"Jul 24, 2020","279.33","275.33","287.01","268.54","7.17M","1.45%"
"Jul 23, 2020","275.34","263.29","279.53","260.70","8.79M","4.58%"
"Jul 22, 2020","263.28","245.54","266.42","241.89","6.68M","7.23%"
"Jul 21, 2020","245.53","236.10","246.49","235.67","6.29M","3.99%"
"Jul 20, 2020","236.10","239.03","239.71","234.51","5.36M","-1.22%"
"Jul 19, 2020","239.01","235.72","239.70","233.35","6.61M","1.38%"
"Jul 18, 2020","235.75","232.77","236.83","232.40","5.79M","1.29%"
"Jul 17, 2020","232.75","233.65","234.53","231.84","5.88M","-0.39%"
"Jul 16, 2020","233.65","238.62","239.47","230.44","6.63M","-2.08%"
"Jul 15, 2020","238.62","240.49","241.36","237.04","7.35M","-0.78%"
"Jul 14, 2020","240.50","239.75","242.08","237.21","7.07M","0.32%"
"Jul 13, 2020","239.73","242.84","245.04","237.71","8.32M","-1.24%"
"Jul 12, 2020","242.75","239.20","243.79","236.91","6.81M","1.48%"
"Jul 11, 2020","239.20","241.21","241.64","237.76","6.42M","-0.85%"
"Jul 10, 2020","241.26","242.01","242.17","236.19","6.84M","-0.32%"
"Jul 09, 2020","242.02","246.93","247.63","238.28","9.02M","-2.01%"
"Jul 08, 2020","246.99","239.26","248.76","238.00","12.98M","3.24%"
"Jul 07, 2020","239.25","241.56","243.43","234.92","6.26M","-0.95%"
"Jul 06, 2020","241.56","227.95","241.64","227.10","9.45M","5.96%"
"Jul 05, 2020","227.98","229.09","229.80","223.79","5.41M","-0.51%"
"Jul 04, 2020","229.15","225.09","230.40","224.80","5.45M","1.79%"
"Jul 03, 2020","225.12","226.42","228.14","224.77","5.20M","-0.57%"
"Jul 02, 2020","226.42","230.96","232.04","223.53","7.28M","-1.96%"
"Jul 01, 2020","230.95","225.61","232.47","224.33","6.31M","2.36%"
"Jun 30, 2020","225.63","227.88","228.57","223.23","5.60M","-0.99%"
"Jun 29, 2020","227.87","225.09","229.83","221.60","6.80M","1.24%"
"Jun 28, 2020","225.09","221.07","227.74","218.46","5.91M","1.82%"
"Jun 27, 2020","221.06","229.72","231.30","217.11","7.21M","-3.75%"
"Jun 26, 2020","229.67","232.57","233.50","228.16","6.96M","-1.24%"
"Jun 25, 2020","232.56","234.75","235.29","227.99","6.48M","-0.93%"
"Jun 24, 2020","234.75","243.20","249.23","231.56","9.13M","-3.47%"
"Jun 23, 2020","243.20","243.24","244.77","240.94","5.16M","-0.02%"
"Jun 22, 2020","243.25","228.11","246.39","227.69","7.93M","6.63%"
"Jun 21, 2020","228.13","228.87","231.18","227.38","4.10M","-0.32%"
"Jun 20, 2020","228.86","229.11","230.96","226.28","4.54M","-0.11%"
"Jun 19, 2020","229.11","231.34","231.94","226.97","5.56M","-0.97%"
"Jun 18, 2020","231.34","233.85","234.69","228.13","4.96M","-1.09%"
"Jun 17, 2020","233.88","235.37","236.55","228.63","5.94M","-0.63%"
"Jun 16, 2020","235.36","230.92","235.95","228.99","7.03M","1.92%"
"Jun 15, 2020","230.93","231.99","233.34","219.06","10.18M","-0.47%"
"Jun 14, 2020","232.02","238.23","238.48","230.52","5.78M","-2.60%"
"Jun 13, 2020","238.22","237.55","238.61","234.86","5.27M","0.29%"
"Jun 12, 2020","237.54","230.72","239.23","228.62","7.34M","2.96%"
"Jun 11, 2020","230.71","247.79","249.77","227.01","12.40M","-6.89%"
"Jun 10, 2020","247.78","243.82","249.51","242.54","7.63M","1.62%"
"Jun 09, 2020","243.82","246.19","249.45","240.18","6.86M","-0.96%"
"Jun 08, 2020","246.18","244.56","247.11","241.30","6.55M","0.66%"
"Jun 07, 2020","244.56","242.00","244.94","235.44","8.10M","1.06%"
"Jun 06, 2020","242.00","240.27","244.43","238.38","6.62M","0.73%"
"Jun 05, 2020","240.23","243.37","247.50","239.70","7.75M","-1.29%"
"Jun 04, 2020","243.37","244.53","246.41","236.68","8.75M","-0.47%"
"Jun 03, 2020","244.52","237.90","244.76","233.84","8.15M","2.77%"
"Jun 02, 2020","237.94","248.01","253.21","227.95","12.69M","-4.05%"
"Jun 01, 2020","247.97","231.80","249.81","230.85","11.97M","6.97%"
"May 31, 2020","231.81","243.63","245.33","230.31","12.43M","-4.85%"
"May 30, 2020","243.63","220.66","246.55","218.86","14.34M","10.41%"
"May 29, 2020","220.66","220.14","224.52","217.84","12.36M","0.21%"
"May 28, 2020","220.18","208.20","220.33","204.79","12.51M","5.77%"
"May 27, 2020","208.18","200.99","208.18","200.85","10.28M","3.57%"
"May 26, 2020","201.00","204.13","204.90","197.30","10.44M","-1.53%"
"May 25, 2020","204.13","199.99","205.52","198.57","10.63M","2.08%"
"May 24, 2020","199.97","206.65","210.40","199.97","11.89M","-3.22%"
"May 23, 2020","206.62","207.35","211.03","204.97","9.91M","-0.35%"
"May 22, 2020","207.35","198.75","209.04","196.68","12.13M","4.33%"
"May 21, 2020","198.75","210.00","211.58","192.11","14.36M","-5.35%"
"May 20, 2020","209.99","214.52","215.28","207.03","12.19M","-2.11%"
"May 19, 2020","214.51","214.88","215.75","209.79","13.96M","-0.17%"
"May 18, 2020","214.87","207.00","217.00","207.00","17.73M","3.80%"
"May 17, 2020","207.00","200.51","209.79","199.77","15.78M","3.23%"
"May 16, 2020","200.51","194.85","203.12","193.48","15.52M","2.91%"
"May 15, 2020","194.85","203.29","204.02","192.61","16.62M","-4.15%"
"May 14, 2020","203.30","199.58","205.82","196.21","20.75M","1.86%"
"May 13, 2020","199.58","189.82","200.82","188.59","17.47M","5.13%"
"May 12, 2020","189.84","185.82","192.04","185.68","15.58M","2.09%"
"May 11, 2020","185.96","187.77","193.26","177.43","26.74M","-0.97%"
"May 10, 2020","187.78","210.19","210.19","180.70","35.98M","-10.68%"
"May 09, 2020","210.22","211.47","214.50","208.83","20.90M","-0.58%"
"May 08, 2020","211.45","212.00","216.44","207.25","23.08M","-0.26%"
"May 07, 2020","212.00","199.05","214.00","197.36","26.71M","6.51%"
"May 06, 2020","199.04","205.36","210.62","198.79","24.03M","-3.08%"
"May 05, 2020","205.36","206.59","211.33","201.75","21.05M","-0.61%"
"May 04, 2020","206.61","209.85","210.63","195.25","27.21M","-1.53%"
"May 03, 2020","209.83","213.96","218.74","205.50","23.12M","-1.93%"
"May 02, 2020","213.96","212.00","215.15","210.51","18.31M","0.92%"
"May 01, 2020","212.00","206.23","216.99","206.06","23.08M","2.80%"
"Apr 30, 2020","206.22","215.42","227.05","202.59","35.46M","-4.26%"
"Apr 29, 2020","215.40","196.55","218.32","196.45","32.87M","9.59%"
"Apr 28, 2020","196.55","196.13","197.51","192.47","21.81M","0.21%"
"Apr 27, 2020","196.14","197.35","198.80","190.87","23.33M","-0.61%"
"Apr 26, 2020","197.35","194.01","199.30","192.52","23.13M","1.72%"
"Apr 25, 2020","194.01","187.57","197.35","186.03","21.87M","3.43%"
"Apr 24, 2020","187.58","185.48","189.33","185.19","19.84M","1.14%"
"Apr 23, 2020","185.46","182.72","192.40","178.54","28.73M","1.50%"
"Apr 22, 2020","182.72","170.79","183.71","169.93","23.81M","6.99%"
"Apr 21, 2020","170.79","170.37","174.48","168.31","23.63M","0.23%"
"Apr 20, 2020","170.40","180.12","186.24","167.51","33.68M","-5.40%"
"Apr 19, 2020","180.13","187.47","188.23","177.24","23.27M","-3.90%"
"Apr 18, 2020","187.45","170.63","189.22","170.61","24.75M","9.85%"
"Apr 17, 2020","170.63","172.32","174.52","168.55","20.05M","-0.97%"
"Apr 16, 2020","172.31","152.90","174.28","148.91","32.99M","12.69%"
"Apr 15, 2020","152.90","158.43","161.06","152.44","20.70M","-3.50%"
"Apr 14, 2020","158.45","156.36","161.57","155.52","21.20M","1.33%"
"Apr 13, 2020","156.38","158.76","158.85","150.60","25.30M","-1.48%"
"Apr 12, 2020","158.73","158.18","164.75","155.17","22.60M","0.35%"
"Apr 11, 2020","158.18","157.85","161.37","154.01","19.07M","0.20%"
"Apr 10, 2020","157.86","169.67","170.10","152.52","28.35M","-6.97%"
"Apr 09, 2020","169.68","173.01","173.20","165.91","20.66M","-1.92%"
"Apr 08, 2020","173.00","164.71","174.23","163.73","24.31M","5.03%"
"Apr 07, 2020","164.71","171.07","175.78","162.75","35.79M","-3.71%"
"Apr 06, 2020","171.06","142.58","171.24","142.55","37.89M","19.97%"
"Apr 05, 2020","142.58","144.03","145.26","140.84","18.17M","-0.99%"
"Apr 04, 2020","144.01","141.13","145.71","139.36","19.75M","2.03%"
"Apr 03, 2020","141.14","141.29","146.46","138.01","23.34M","-0.11%"
"Apr 02, 2020","141.30","135.65","148.91","135.26","29.42M","4.16%"
"Apr 01, 2020","135.66","132.88","136.56","128.93","19.45M","2.10%"
"Mar 31, 2020","132.86","132.15","135.14","130.54","17.30M","0.54%"
"Mar 30, 2020","132.15","125.24","134.72","125.02","20.71M","5.52%"
"Mar 29, 2020","125.24","131.02","131.74","124.84","16.33M","-4.42%"
"Mar 28, 2020","131.03","131.74","132.68","125.48","21.03M","-0.54%"
"Mar 27, 2020","131.74","138.38","140.99","131.09","18.18M","-4.80%"
"Mar 26, 2020","138.38","136.08","139.22","133.69","17.71M","1.70%"
"Mar 25, 2020","136.07","138.59","141.88","133.06","24.15M","-1.84%"
"Mar 24, 2020","138.62","136.00","142.90","132.67","27.10M","1.91%"
"Mar 23, 2020","136.02","122.46","136.93","120.20","28.62M","11.12%"
"Mar 22, 2020","122.41","132.59","136.86","121.37","25.25M","-7.67%"
"Mar 21, 2020","132.58","133.32","137.33","126.01","27.00M","-0.56%"
"Mar 20, 2020","133.32","135.43","151.85","118.07","38.74M","-1.56%"
"Mar 19, 2020","135.43","117.76","141.05","115.59","33.78M","15.00%"
"Mar 18, 2020","117.77","115.95","117.91","110.16","25.80M","1.47%"
"Mar 17, 2020","116.06","111.06","120.60","109.67","27.09M","4.54%"
"Mar 16, 2020","111.02","124.35","124.38","102.44","40.25M","-10.72%"
"Mar 15, 2020","124.35","122.67","132.13","120.93","26.24M","1.35%"
"Mar 14, 2020","122.69","134.02","134.58","121.27","26.83M","-8.43%"
"Mar 13, 2020","133.99","107.87","138.86","88.50","60.70M","24.18%"
"Mar 12, 2020","107.90","194.57","195.40","102.83","53.51M","-44.55%"
"Mar 11, 2020","194.58","200.61","202.96","182.15","21.26M","-2.98%"
"Mar 10, 2020","200.56","202.88","205.62","196.17","21.87M","-1.13%"
"Mar 09, 2020","202.85","199.21","208.23","190.73","30.27M","1.85%"
"Mar 08, 2020","199.16","237.30","237.30","196.71","24.76M","-16.08%"
"Mar 07, 2020","237.32","244.87","251.55","236.87","16.90M","-3.10%"
"Mar 06, 2020","244.90","228.46","244.98","227.71","17.74M","7.20%"
"Mar 05, 2020","228.45","224.36","233.96","224.34","17.82M","1.81%"
"Mar 04, 2020","224.38","223.94","228.66","220.74","14.65M","0.20%"
"Mar 03, 2020","223.94","231.90","232.37","220.34","18.48M","-3.42%"
"Mar 02, 2020","231.87","217.96","234.24","216.23","18.12M","6.37%"
"Mar 01, 2020","217.99","217.51","227.44","213.00","17.17M","0.21%"
"Feb 29, 2020","217.52","226.94","232.87","217.43","16.34M","-4.15%"
"Feb 28, 2020","226.93","227.60","234.55","214.47","24.11M","-0.26%"
"Feb 27, 2020","227.53","224.30","238.07","210.36","28.83M","1.44%"
"Feb 26, 2020","224.30","246.97","250.05","216.39","29.55M","-9.18%"
"Feb 25, 2020","246.96","265.63","266.17","245.75","20.31M","-7.04%"
"Feb 24, 2020","265.65","274.72","276.81","258.15","19.96M","-3.30%"
"Feb 23, 2020","274.72","261.65","275.30","261.24","16.04M","5.00%"
"Feb 22, 2020","261.64","265.14","266.71","256.97","13.40M","-1.31%"
"Feb 21, 2020","265.11","257.32","267.80","254.15","17.46M","3.00%"
"Feb 20, 2020","257.39","259.07","264.22","246.46","22.07M","-0.67%"
"Feb 19, 2020","259.12","282.33","285.75","253.88","20.76M","-8.20%"
"Feb 18, 2020","282.26","267.71","285.59","259.30","24.15M","5.46%"
"Feb 17, 2020","267.63","259.92","268.45","242.11","25.61M","2.94%"
"Feb 16, 2020","259.99","264.87","273.81","237.89","24.82M","-1.84%"
"Feb 15, 2020","264.87","285.17","287.93","262.45","22.26M","-7.15%"
"Feb 14, 2020","285.25","268.71","286.34","260.78","19.99M","6.14%"
"Feb 13, 2020","268.75","265.59","277.39","257.09","25.05M","1.19%"
"Feb 12, 2020","265.58","236.75","274.89","236.73","23.79M","12.18%"
"Feb 11, 2020","236.76","222.94","238.61","218.22","17.39M","6.19%"
"Feb 10, 2020","222.95","228.61","229.28","217.02","16.50M","-2.47%"
"Feb 09, 2020","228.59","223.23","230.38","223.07","14.28M","2.40%"
"Feb 08, 2020","223.23","223.47","227.55","213.75","15.98M","-0.13%"
"Feb 07, 2020","223.51","213.15","224.53","213.14","16.73M","4.86%"
"Feb 06, 2020","213.16","203.84","216.14","201.29","16.44M","4.58%"
"Feb 05, 2020","203.83","188.94","207.51","188.26","14.67M","7.89%"
"Feb 04, 2020","188.93","189.80","191.48","188.93","11.56M","-0.45%"
"Feb 03, 2020","189.79","188.48","194.92","187.16","11.95M","0.69%"
"Feb 02, 2020","188.50","183.58","193.25","179.49","14.54M","2.65%"
"Feb 01, 2020","183.64","179.88","184.17","179.36","13.24M","2.08%"
"Jan 31, 2020","179.91","184.60","185.67","175.46","11.77M","-2.54%"
"Jan 30, 2020","184.59","173.86","186.76","171.20","13.02M","6.17%"
"Jan 29, 2020","173.86","175.78","178.41","173.76","11.27M","-1.07%"
"Jan 28, 2020","175.74","170.27","176.06","170.27","12.63M","3.21%"
"Jan 27, 2020","170.27","167.91","171.97","165.45","12.54M","1.41%"
"Jan 26, 2020","167.90","160.40","168.00","159.55","9.82M","4.65%"
"Jan 25, 2020","160.44","162.56","162.72","157.87","9.63M","-1.29%"
"Jan 24, 2020","162.55","162.80","164.27","155.65","14.88M","-0.15%"
"Jan 23, 2020","162.80","168.15","168.25","159.78","14.86M","-3.17%"
"Jan 22, 2020","168.13","169.41","171.27","166.19","11.30M","-0.76%"
"Jan 21, 2020","169.41","166.87","169.79","165.53","11.52M","1.52%"
"Jan 20, 2020","166.87","166.92","169.24","161.61","11.30M","-0.03%"
"Jan 19, 2020","166.92","174.17","177.77","162.04","15.84M","-4.17%"
"Jan 18, 2020","174.19","170.18","179.29","165.34","17.42M","2.33%"
"Jan 17, 2020","170.22","164.39","173.96","162.33","18.57M","3.57%"
"Jan 16, 2020","164.36","166.44","167.18","159.08","16.24M","-1.26%"
"Jan 15, 2020","166.45","166.07","166.45","159.74","16.66M","0.23%"
"Jan 14, 2020","166.07","143.59","169.73","143.59","22.85M","15.65%"
"Jan 13, 2020","143.60","146.50","146.87","142.64","10.26M","-1.95%"
"Jan 12, 2020","146.46","142.65","146.46","142.00","10.01M","2.66%"
"Jan 11, 2020","142.67","144.81","147.68","142.23","12.46M","-1.48%"
"Jan 10, 2020","144.81","137.93","144.86","135.69","13.37M","4.99%"
"Jan 09, 2020","137.92","140.80","141.60","135.85","11.38M","-2.05%"
"Jan 08, 2020","140.81","143.01","147.55","137.61","13.71M","-1.56%"
"Jan 07, 2020","143.04","144.09","145.13","139.22","13.58M","-0.73%"
"Jan 06, 2020","144.08","135.59","144.27","135.17","14.36M","6.26%"
"Jan 05, 2020","135.59","134.32","138.33","134.32","12.19M","0.94%"
"Jan 04, 2020","134.33","134.30","135.57","132.76","11.16M","0.04%"
"Jan 03, 2020","134.27","127.19","134.86","126.05","15.67M","5.56%"
"Jan 02, 2020","127.19","130.75","130.77","126.74","11.45M","-2.72%"
"Jan 01, 2020","130.75","129.21","132.97","128.81","10.35M","1.19%"